,BookList
0,"[(1.08, 50000, 1), (1.09, 50000, 1), (1.1, 40000, 1)],1.10286,[(1.11, 100000, 1), (1.12, 340000, 2), (1.13, 0, 0)]"
,BookList
0,"[(1.07, 140000, 3), (1.08, 50000, 1), (1.09, 50000, 1)],1.09455,[(1.1, 60000, 1), (1.11, 0, 0), (1.12, 340000, 2)]"
,price,volume,type,time
0,1.1,40000,NEUTRAL,2018-11-16 14:04:51
,BookList
0,"[(1.07, 140000, 3), (1.08, 50000, 1), (1.09, 50000, 1)],1.09385,[(1.1, 80000, 2), (1.11, 0, 0), (1.12, 340000, 2)]"
,BookList
0,"[(1.07, 140000, 3), (1.08, 50000, 1), (1.09, 50000, 1)],1.09385,[(1.1, 80000, 2), (1.11, 0, 0), (1.12, 340000, 2)]"
,BookList
0,"[(1.07, 140000, 3), (1.08, 50000, 1), (1.09, 50000, 1)],1.09417,[(1.1, 70000, 2), (1.11, 0, 0), (1.12, 340000, 2)]"
,BookList
0,"[(1.07, 140000, 3), (1.08, 50000, 1), (1.09, 50000, 1)],1.09417,[(1.1, 70000, 2), (1.11, 0, 0), (1.12, 340000, 2)]"
,BookList
0,"[(1.07, 140000, 3), (1.08, 50000, 1), (1.09, 50000, 1)],1.09417,[(1.1, 70000, 2), (1.11, 0, 0), (1.12, 340000, 2)]"
,BookList
0,"[(1.07, 140000, 3), (1.08, 50000, 1), (1.09, 50000, 1)],1.09417,[(1.1, 70000, 2), (1.11, 0, 0), (1.12, 340000, 2)]"
,BookList
0,"[(1.07, 140000, 3), (1.08, 50000, 1), (1.09, 50000, 1)],1.09417,[(1.1, 70000, 2), (1.11, 0, 0), (1.12, 340000, 2)]"
,BookList
0,"[(1.07, 140000, 3), (1.08, 50000, 1), (1.09, 50000, 1)],1.09455,[(1.1, 60000, 1), (1.11, 10000, 1), (1.12, 340000, 2)]"
,BookList
0,"[(1.07, 140000, 3), (1.08, 50000, 1), (1.09, 50000, 1)],1.09455,[(1.1, 60000, 1), (1.11, 10000, 1), (1.12, 340000, 2)]"
,BookList
0,"[(1.07, 140000, 3), (1.08, 50000, 1), (1.09, 50000, 1)],1.10667,[(1.11, 10000, 1), (1.12, 340000, 2), (1.13, 0, 0)]"
,price,volume,type,time
0,1.1,60000,BUY,2018-11-16 14:06:00
,BookList
0,"[(1.07, 140000, 3), (1.08, 50000, 1), (1.09, 50000, 1)],1.10667,[(1.11, 10000, 1), (1.12, 340000, 2), (1.13, 0, 0)]"
,BookList
0,"[(1.08, 50000, 1), (1.09, 50000, 1), (1.1, 30000, 1)],1.1075,[(1.11, 10000, 1), (1.12, 340000, 2), (1.13, 0, 0)]"
,BookList
0,"[(1.08, 50000, 1), (1.09, 50000, 1), (1.1, 30000, 1)],1.10162,[(1.12, 340000, 2), (1.13, 0, 0), (1.14, 110000, 3)]"
,BookList
0,"[(1.08, 50000, 1), (1.09, 50000, 1), (1.1, 30000, 1)],1.10162,[(1.12, 340000, 2), (1.13, 0, 0), (1.14, 110000, 3)]"
,BookList
0,"[(1.08, 50000, 1), (1.09, 50000, 1), (1.1, 30000, 1)],1.105,[(1.11, 30000, 1), (1.12, 340000, 2), (1.13, 0, 0)]"
,BookList
0,"[(1.08, 60000, 2), (1.09, 50000, 1), (1.1, 30000, 1)],1.105,[(1.11, 30000, 1), (1.12, 340000, 2), (1.13, 0, 0)]"
,BookList
0,"[(1.07, 140000, 3), (1.08, 60000, 2), (1.09, 50000, 1)],1.09625,[(1.1, 30000, 1), (1.11, 30000, 1), (1.12, 340000, 2)]"
,price,volume,type,time
0,1.1,30000,SELL,2018-11-16 14:06:25
,BookList
0,"[(1.07, 140000, 3), (1.08, 60000, 2), (1.09, 50000, 1)],1.09625,[(1.1, 30000, 1), (1.11, 30000, 1), (1.12, 340000, 2)]"
,BookList
0,"[(1.07, 140000, 3), (1.08, 60000, 2), (1.09, 50000, 1)],1.09263,[(1.1, 140000, 2), (1.11, 30000, 1), (1.12, 340000, 2)]"
,BookList
0,"[(1.07, 140000, 3), (1.08, 70000, 3), (1.09, 50000, 1)],1.09263,[(1.1, 140000, 2), (1.11, 30000, 1), (1.12, 340000, 2)]"
,BookList
0,"[(1.07, 140000, 3), (1.08, 70000, 3), (1.09, 50000, 1)],1.1025,[(1.11, 30000, 1), (1.12, 340000, 2), (1.13, 0, 0)]"
,price,volume,type,time
0,1.1,140000,BUY,2018-11-16 14:06:44
,BookList
0,"[(1.06, 90000, 2), (1.07, 140000, 3), (1.08, 70000, 3)],1.087,[(1.09, 30000, 1), (1.1, 0, 0), (1.11, 30000, 1)]"
,price,volume,type,time
0,1.09,50000,SELL,2018-11-16 14:06:53
,BookList
0,"[(1.06, 90000, 2), (1.07, 140000, 3), (1.08, 70000, 3)],1.101,[(1.11, 30000, 1), (1.12, 340000, 2), (1.13, 0, 0)]"
,price,volume,type,time
0,1.09,10000,BUY,2018-11-16 14:06:54
1,1.09,20000,BUY,2018-11-16 14:06:54
,BookList
0,"[(1.06, 90000, 2), (1.07, 140000, 3), (1.08, 70000, 3)],1.101,[(1.11, 30000, 1), (1.12, 340000, 2), (1.13, 0, 0)]"
,BookList
0,"[(1.06, 90000, 2), (1.07, 140000, 3), (1.08, 70000, 3)],1.101,[(1.11, 30000, 1), (1.12, 340000, 2), (1.13, 0, 0)]"
,BookList
0,"[(1.06, 90000, 2), (1.07, 140000, 3), (1.08, 70000, 3)],1.101,[(1.11, 30000, 1), (1.12, 340000, 2), (1.13, 0, 0)]"
,BookList
0,"[(1.06, 90000, 2), (1.07, 140000, 3), (1.08, 70000, 3)],1.08824,[(1.1, 100000, 1), (1.11, 30000, 1), (1.12, 340000, 2)]"
,BookList
0,"[(1.06, 90000, 2), (1.07, 140000, 3), (1.08, 70000, 3)],1.08737,[(1.1, 120000, 2), (1.11, 30000, 1), (1.12, 340000, 2)]"
,BookList
0,"[(1.06, 90000, 2), (1.07, 140000, 3), (1.08, 70000, 3)],1.08737,[(1.1, 120000, 2), (1.11, 30000, 1), (1.12, 340000, 2)]"
,BookList
0,"[(1.06, 90000, 2), (1.07, 140000, 3), (1.08, 70000, 3)],1.08737,[(1.1, 120000, 2), (1.11, 30000, 1), (1.12, 340000, 2)]"
,BookList
0,"[(1.06, 90000, 2), (1.07, 140000, 3), (1.08, 70000, 3)],1.08737,[(1.1, 120000, 2), (1.11, 70000, 2), (1.12, 300000, 1)]"
,BookList
0,"[(1.06, 90000, 2), (1.07, 140000, 3), (1.08, 70000, 3)],1.08737,[(1.1, 120000, 2), (1.11, 120000, 3), (1.12, 300000, 1)]"
,BookList
0,"[(1.06, 90000, 2), (1.07, 140000, 3), (1.08, 70000, 3)],1.08737,[(1.1, 120000, 2), (1.11, 120000, 3), (1.12, 300000, 1)]"
,BookList
0,"[(1.06, 90000, 2), (1.07, 140000, 3), (1.08, 70000, 3)],1.08737,[(1.1, 120000, 2), (1.11, 120000, 3), (1.12, 300000, 1)]"
,BookList
0,"[(1.06, 90000, 2), (1.07, 140000, 3), (1.08, 70000, 3)],1.08583,[(1.1, 170000, 3), (1.11, 120000, 3), (1.12, 300000, 1)]"
,BookList
0,"[(1.06, 90000, 2), (1.07, 140000, 3), (1.08, 70000, 3)],1.08583,[(1.1, 170000, 3), (1.11, 120000, 3), (1.12, 300000, 1)]"
,BookList
0,"[(1.06, 90000, 2), (1.07, 140000, 3), (1.08, 70000, 3)],1.08583,[(1.1, 170000, 3), (1.11, 120000, 3), (1.12, 300000, 1)]"
,BookList
0,"[(1.06, 90000, 2), (1.07, 140000, 3), (1.08, 70000, 3)],1.08583,[(1.1, 170000, 3), (1.11, 120000, 3), (1.12, 300000, 1)]"
,BookList
0,"[(1.06, 90000, 2), (1.07, 140000, 3), (1.08, 70000, 3)],1.08583,[(1.1, 170000, 3), (1.11, 120000, 3), (1.12, 300000, 1)]"
,BookList
0,"[(1.06, 90000, 2), (1.07, 140000, 3), (1.08, 70000, 3)],1.08583,[(1.1, 170000, 3), (1.11, 120000, 3), (1.12, 300000, 1)]"
,BookList
0,"[(1.06, 90000, 2), (1.07, 140000, 3), (1.08, 70000, 3)],1.08583,[(1.1, 170000, 3), (1.11, 120000, 3), (1.12, 300000, 1)]"
,BookList
0,"[(1.07, 140000, 3), (1.08, 70000, 3), (1.09, 50000, 1)],1.09227,[(1.1, 170000, 3), (1.11, 120000, 3), (1.12, 300000, 1)]"
,BookList
0,"[(1.07, 140000, 3), (1.08, 70000, 3), (1.09, 50000, 1)],1.09227,[(1.1, 170000, 3), (1.11, 120000, 3), (1.12, 300000, 1)]"
,BookList
0,"[(1.07, 140000, 3), (1.08, 70000, 3), (1.09, 70000, 2)],1.09292,[(1.1, 170000, 3), (1.11, 120000, 3), (1.12, 300000, 1)]"
,BookList
0,"[(1.07, 140000, 3), (1.08, 70000, 3), (1.09, 70000, 2)],1.09292,[(1.1, 170000, 3), (1.11, 120000, 3), (1.12, 300000, 1)]"
,BookList
0,"[(1.07, 140000, 3), (1.08, 70000, 3), (1.09, 70000, 2)],1.09292,[(1.1, 170000, 3), (1.11, 120000, 3), (1.12, 300000, 1)]"
,BookList
0,"[(1.07, 140000, 3), (1.08, 70000, 3), (1.09, 70000, 2)],1.09292,[(1.1, 170000, 3), (1.11, 120000, 3), (1.12, 300000, 1)]"
,BookList
0,"[(1.07, 140000, 3), (1.08, 70000, 3), (1.09, 70000, 2)],1.09292,[(1.1, 170000, 3), (1.11, 120000, 3), (1.12, 300000, 1)]"
,BookList
0,"[(1.07, 140000, 3), (1.08, 70000, 3), (1.09, 60000, 2)],1.09261,[(1.1, 170000, 3), (1.11, 120000, 3), (1.12, 300000, 1)]"
,price,volume,type,time
0,1.09,10000,SELL,2018-11-16 14:10:20
,BookList
0,"[(1.07, 140000, 3), (1.08, 70000, 3), (1.09, 40000, 2)],1.09211,[(1.1, 150000, 2), (1.11, 120000, 3), (1.12, 300000, 1)]"
,price,volume,type,time
0,1.09,20000,SELL,2018-11-16 14:10:27
,BookList
0,"[(1.07, 140000, 3), (1.08, 70000, 3), (1.09, 40000, 2)],1.09211,[(1.1, 150000, 2), (1.11, 120000, 3), (1.12, 300000, 1)]"
,BookList
0,"[(1.07, 140000, 3), (1.08, 70000, 3), (1.09, 40000, 2)],1.09286,[(1.1, 100000, 2), (1.11, 120000, 3), (1.12, 300000, 1)]"
,price,volume,type,time
0,1.1,50000,BUY,2018-11-16 14:10:56
,BookList
0,"[(1.07, 140000, 3), (1.08, 70000, 3), (1.09, 40000, 2)],1.09286,[(1.1, 100000, 2), (1.11, 120000, 3), (1.12, 300000, 1)]"
,BookList
0,"[(1.06, 90000, 2), (1.07, 140000, 3), (1.08, 70000, 3)],1.08824,[(1.1, 100000, 2), (1.11, 120000, 3), (1.12, 300000, 1)]"
,price,volume,type,time
0,1.09,40000,SELL,2018-11-16 14:11:06
,BookList
0,"[(1.06, 90000, 2), (1.07, 140000, 3), (1.08, 570000, 4)],1.09701,[(1.1, 100000, 2), (1.11, 120000, 3), (1.12, 300000, 1)]"
,BookList
0,"[(1.06, 90000, 2), (1.07, 140000, 3), (1.08, 570000, 4)],1.09701,[(1.1, 100000, 2), (1.11, 120000, 3), (1.12, 300000, 1)]"
,BookList
0,"[(1.07, 140000, 3), (1.08, 570000, 4), (1.09, 10000, 1)],1.09091,[(1.1, 100000, 2), (1.11, 120000, 3), (1.12, 300000, 1)]"
,BookList
0,"[(1.07, 140000, 3), (1.08, 570000, 4), (1.09, 60000, 2)],1.09375,[(1.1, 100000, 2), (1.11, 120000, 3), (1.12, 300000, 1)]"
,BookList
0,"[(1.07, 140000, 3), (1.08, 570000, 4), (1.09, 60000, 2)],1.09667,[(1.11, 120000, 3), (1.12, 300000, 1), (1.13, 30000, 1)]"
,price,volume,type,time
0,1.1,50000,BUY,2018-11-16 14:11:33
1,1.1,50000,BUY,2018-11-16 14:11:33
,BookList
0,"[(1.07, 140000, 3), (1.08, 570000, 4), (1.09, 140000, 3)],1.10077,[(1.11, 120000, 3), (1.12, 300000, 1), (1.13, 30000, 1)]"
,BookList
0,"[(1.08, 570000, 4), (1.09, 140000, 3), (1.1, 50000, 1)],1.10294,[(1.11, 120000, 3), (1.12, 300000, 1), (1.13, 30000, 1)]"
,BookList
0,"[(1.08, 570000, 4), (1.09, 140000, 3), (1.1, 20000, 1)],1.10143,[(1.11, 120000, 3), (1.12, 300000, 1), (1.13, 30000, 1)]"
,price,volume,type,time
0,1.1,30000,SELL,2018-11-16 14:11:49
,BookList
0,"[(1.08, 570000, 4), (1.09, 140000, 3), (1.1, 20000, 1)],1.10143,[(1.11, 120000, 3), (1.12, 300000, 1), (1.13, 30000, 1)]"
,BookList
0,"[(1.08, 570000, 4), (1.09, 190000, 4), (1.1, 20000, 1)],1.10143,[(1.11, 120000, 3), (1.12, 300000, 1), (1.13, 30000, 1)]"
,BookList
0,"[(1.07, 140000, 3), (1.08, 570000, 4), (1.09, 190000, 4)],1.10226,[(1.11, 120000, 3), (1.12, 300000, 1), (1.13, 30000, 1)]"
,BookList
0,"[(1.07, 140000, 3), (1.08, 570000, 4), (1.09, 110000, 3)],1.09805,[(1.12, 300000, 1), (1.13, 30000, 1), (1.14, 110000, 3)]"
,price,volume,type,time
0,1.11,80000,BUY,2018-11-16 14:11:54
1,1.11,40000,BUY,2018-11-16 14:11:54
,BookList
0,"[(1.08, 570000, 4), (1.09, 110000, 3), (1.1, 10000, 1)],1.10065,[(1.12, 300000, 1), (1.13, 30000, 1), (1.14, 110000, 3)]"
,BookList
0,"[(1.08, 570000, 4), (1.09, 110000, 3), (1.1, 20000, 2)],1.10125,[(1.12, 300000, 1), (1.13, 30000, 1), (1.14, 110000, 3)]"
,BookList
0,"[(1.08, 570000, 4), (1.09, 150000, 4), (1.1, 20000, 2)],1.10125,[(1.12, 300000, 1), (1.13, 30000, 1), (1.14, 110000, 3)]"
,BookList
0,"[(1.08, 570000, 4), (1.09, 150000, 4), (1.1, 30000, 3)],1.10182,[(1.12, 300000, 1), (1.13, 30000, 1), (1.14, 110000, 3)]"
,BookList
0,"[(1.08, 570000, 4), (1.09, 110000, 3), (1.1, 70000, 4)],1.10378,[(1.12, 300000, 1), (1.13, 30000, 1), (1.14, 110000, 3)]"
,BookList
0,"[(1.08, 560000, 3), (1.09, 120000, 4), (1.1, 70000, 4)],1.10378,[(1.12, 300000, 1), (1.13, 30000, 1), (1.14, 110000, 3)]"
,BookList
0,"[(1.08, 560000, 3), (1.09, 120000, 4), (1.1, 90000, 5)],1.10462,[(1.12, 300000, 1), (1.13, 30000, 1), (1.14, 110000, 3)]"
,BookList
0,"[(1.08, 560000, 3), (1.09, 120000, 4), (1.1, 90000, 5)],1.10462,[(1.12, 300000, 1), (1.13, 30000, 1), (1.14, 110000, 3)]"
,BookList
0,"[(1.08, 560000, 3), (1.09, 120000, 4), (1.1, 80000, 4)],1.10421,[(1.12, 300000, 1), (1.13, 30000, 1), (1.14, 110000, 3)]"
,BookList
0,"[(1.08, 560000, 3), (1.09, 120000, 4), (1.1, 80000, 4)],1.10421,[(1.12, 300000, 1), (1.13, 30000, 1), (1.14, 110000, 3)]"
,BookList
0,"[(1.08, 560000, 3), (1.09, 120000, 4), (1.1, 80000, 4)],1.10421,[(1.12, 300000, 1), (1.13, 30000, 1), (1.14, 110000, 3)]"
,BookList
0,"[(1.09, 120000, 4), (1.1, 80000, 4), (1.11, 10000, 1)],1.11032,[(1.12, 300000, 1), (1.13, 30000, 1), (1.14, 110000, 3)]"
,BookList
0,"[(1.09, 120000, 4), (1.1, 80000, 4), (1.11, 10000, 1)],1.11028,[(1.12, 350000, 2), (1.13, 30000, 1), (1.14, 110000, 3)]"
,BookList
0,"[(1.09, 120000, 4), (1.1, 70000, 3), (1.11, 10000, 1)],1.11028,[(1.12, 350000, 2), (1.13, 30000, 1), (1.14, 110000, 3)]"
,BookList
0,"[(1.09, 120000, 4), (1.1, 70000, 3), (1.11, 10000, 1)],1.11032,[(1.12, 300000, 1), (1.13, 80000, 2), (1.14, 110000, 3)]"
,BookList
0,"[(1.09, 120000, 4), (1.1, 70000, 3), (1.11, 20000, 2)],1.11063,[(1.12, 300000, 1), (1.13, 80000, 2), (1.14, 110000, 3)]"
,BookList
0,"[(1.09, 120000, 4), (1.1, 70000, 3), (1.11, 20000, 2)],1.11063,[(1.12, 300000, 1), (1.13, 80000, 2), (1.14, 110000, 3)]"
,BookList
0,"[(1.09, 120000, 4), (1.1, 70000, 3), (1.11, 20000, 2)],1.11063,[(1.12, 300000, 1), (1.13, 80000, 2), (1.14, 110000, 3)]"
,BookList
0,"[(1.09, 120000, 4), (1.1, 70000, 3), (1.11, 20000, 2)],1.11063,[(1.12, 300000, 1), (1.13, 30000, 1), (1.14, 110000, 3)]"
,BookList
0,"[(1.09, 120000, 4), (1.1, 70000, 3), (1.11, 20000, 2)],1.11083,[(1.12, 220000, 1), (1.13, 30000, 1), (1.14, 110000, 3)]"
,price,volume,type,time
0,1.12,80000,BUY,2018-11-16 14:13:41
,BookList
0,"[(1.09, 120000, 4), (1.1, 70000, 3), (1.11, 20000, 2)],1.11083,[(1.12, 220000, 1), (1.13, 30000, 1), (1.14, 110000, 3)]"
,BookList
0,"[(1.09, 120000, 4), (1.1, 70000, 3), (1.11, 20000, 2)],1.118,[(1.13, 30000, 1), (1.14, 110000, 3), (1.15, 310000, 3)]"
,price,volume,type,time
0,1.12,220000,BUY,2018-11-16 14:13:51
,BookList
0,"[(1.1, 70000, 3), (1.11, 20000, 2), (1.12, 10000, 1)],1.1225,[(1.13, 30000, 1), (1.14, 110000, 3), (1.15, 310000, 3)]"
,BookList
0,"[(1.09, 120000, 4), (1.1, 70000, 3), (1.11, 20000, 2)],1.115,[(1.12, 20000, 1), (1.13, 30000, 1), (1.14, 110000, 3)]"
,price,volume,type,time
0,1.12,10000,SELL,2018-11-16 14:13:54
,BookList
0,"[(1.09, 120000, 4), (1.1, 70000, 3), (1.11, 20000, 2)],1.118,[(1.13, 30000, 1), (1.14, 110000, 3), (1.15, 310000, 3)]"
,price,volume,type,time
0,1.12,10000,BUY,2018-11-16 14:13:55
1,1.12,10000,BUY,2018-11-16 14:13:55
,BookList
0,"[(1.09, 110000, 3), (1.1, 70000, 3), (1.11, 30000, 3)],1.12,[(1.13, 30000, 1), (1.14, 110000, 3), (1.15, 310000, 3)]"
,BookList
0,"[(1.09, 110000, 3), (1.1, 30000, 2), (1.11, 70000, 4)],1.124,[(1.13, 30000, 1), (1.14, 110000, 3), (1.15, 310000, 3)]"
,BookList
0,"[(1.1, 30000, 2), (1.11, 70000, 4), (1.12, 10000, 1)],1.1225,[(1.13, 30000, 1), (1.14, 110000, 3), (1.15, 310000, 3)]"
,BookList
0,"[(1.1, 30000, 2), (1.11, 70000, 4), (1.12, 20000, 2)],1.124,[(1.13, 30000, 1), (1.14, 110000, 3), (1.15, 310000, 3)]"
,BookList
0,"[(1.1, 30000, 2), (1.11, 70000, 4), (1.12, 20000, 2)],1.124,[(1.13, 30000, 1), (1.14, 120000, 4), (1.15, 310000, 3)]"
,BookList
0,"[(1.1, 30000, 2), (1.11, 60000, 3), (1.12, 30000, 3)],1.125,[(1.13, 30000, 1), (1.14, 120000, 4), (1.15, 310000, 3)]"
,BookList
0,"[(1.1, 30000, 2), (1.11, 60000, 3), (1.12, 30000, 3)],1.125,[(1.13, 30000, 1), (1.14, 120000, 4), (1.15, 310000, 3)]"
,BookList
0,"[(1.1, 80000, 3), (1.11, 60000, 3), (1.12, 30000, 3)],1.125,[(1.13, 30000, 1), (1.14, 120000, 4), (1.15, 310000, 3)]"
,BookList
0,"[(1.1, 60000, 2), (1.11, 60000, 3), (1.12, 50000, 4)],1.12625,[(1.13, 30000, 1), (1.14, 120000, 4), (1.15, 310000, 3)]"
,BookList
0,"[(1.1, 60000, 2), (1.11, 60000, 3), (1.12, 40000, 3)],1.12667,[(1.13, 20000, 1), (1.14, 120000, 4), (1.15, 310000, 3)]"
,price,volume,type,time
0,1.13,10000,BUY,2018-11-16 14:14:17
,BookList
0,"[(1.1, 60000, 2), (1.11, 60000, 3), (1.12, 40000, 3)],1.12667,[(1.13, 20000, 1), (1.14, 120000, 4), (1.15, 310000, 3)]"
,BookList
0,"[(1.1, 60000, 2), (1.11, 60000, 3), (1.12, 40000, 3)],1.128,[(1.13, 10000, 1), (1.14, 120000, 4), (1.15, 310000, 3)]"
,price,volume,type,time
0,1.13,10000,BUY,2018-11-16 14:14:19
,BookList
0,"[(1.1, 60000, 2), (1.11, 60000, 3), (1.12, 40000, 3)],1.125,[(1.14, 120000, 4), (1.15, 310000, 3), (1.16, 100000, 2)]"
,price,volume,type,time
0,1.13,10000,BUY,2018-11-16 14:14:20
,BookList
0,"[(1.11, 60000, 3), (1.12, 40000, 3), (1.13, 10000, 1)],1.13077,[(1.14, 120000, 4), (1.15, 310000, 3), (1.16, 100000, 2)]"
,BookList
0,"[(1.11, 60000, 3), (1.12, 40000, 3), (1.13, 20000, 2)],1.13143,[(1.14, 120000, 4), (1.15, 310000, 3), (1.16, 100000, 2)]"
,BookList
0,"[(1.1, 60000, 2), (1.11, 60000, 3), (1.12, 40000, 3)],1.12571,[(1.13, 30000, 1), (1.14, 120000, 4), (1.15, 310000, 3)]"
,price,volume,type,time
0,1.13,10000,NEUTRAL,2018-11-16 14:14:22
1,1.13,10000,SELL,2018-11-16 14:14:22
,BookList
0,"[(1.1, 70000, 3), (1.11, 60000, 3), (1.12, 40000, 3)],1.12571,[(1.13, 30000, 1), (1.14, 120000, 4), (1.15, 310000, 3)]"
,BookList
0,"[(1.1, 70000, 3), (1.11, 60000, 3), (1.12, 40000, 3)],1.12571,[(1.13, 30000, 1), (1.14, 120000, 4), (1.15, 310000, 3)]"
,BookList
0,"[(1.1, 70000, 3), (1.11, 60000, 3), (1.12, 40000, 3)],1.12571,[(1.13, 30000, 1), (1.14, 110000, 3), (1.15, 310000, 3)]"
,BookList
0,"[(1.1, 70000, 3), (1.11, 60000, 3), (1.12, 40000, 3)],1.12571,[(1.13, 30000, 1), (1.14, 100000, 2), (1.15, 310000, 3)]"
,BookList
0,"[(1.1, 120000, 4), (1.11, 60000, 3), (1.12, 40000, 3)],1.12571,[(1.13, 30000, 1), (1.14, 100000, 2), (1.15, 310000, 3)]"
,BookList
0,"[(1.1, 120000, 4), (1.11, 110000, 4), (1.12, 40000, 3)],1.12571,[(1.13, 30000, 1), (1.14, 100000, 2), (1.15, 310000, 3)]"
,BookList
0,"[(1.1, 120000, 4), (1.11, 110000, 4), (1.12, 40000, 3)],1.125,[(1.13, 40000, 2), (1.14, 100000, 2), (1.15, 310000, 3)]"
,BookList
0,"[(1.1, 120000, 4), (1.11, 110000, 4), (1.12, 40000, 3)],1.12571,[(1.14, 100000, 2), (1.15, 310000, 3), (1.16, 100000, 2)]"
,price,volume,type,time
0,1.13,20000,BUY,2018-11-16 14:14:33
1,1.13,20000,BUY,2018-11-16 14:14:33
,BookList
0,"[(1.1, 120000, 4), (1.11, 60000, 3), (1.12, 40000, 3)],1.12571,[(1.14, 100000, 2), (1.15, 310000, 3), (1.16, 100000, 2)]"
,BookList
0,"[(1.1, 70000, 3), (1.11, 60000, 3), (1.12, 40000, 3)],1.12571,[(1.14, 100000, 2), (1.15, 310000, 3), (1.16, 100000, 2)]"
,BookList
0,"[(1.1, 70000, 3), (1.11, 60000, 3), (1.12, 40000, 3)],1.12533,[(1.14, 110000, 3), (1.15, 310000, 3), (1.16, 100000, 2)]"
,BookList
0,"[(1.1, 70000, 3), (1.11, 60000, 3), (1.12, 40000, 3)],1.12533,[(1.14, 110000, 3), (1.15, 310000, 3), (1.16, 100000, 2)]"
,BookList
0,"[(1.11, 60000, 3), (1.12, 40000, 3), (1.13, 10000, 1)],1.13083,[(1.14, 110000, 3), (1.15, 310000, 3), (1.16, 100000, 2)]"
,BookList
0,"[(1.1, 70000, 3), (1.11, 60000, 3), (1.12, 40000, 3)],1.12667,[(1.13, 20000, 1), (1.14, 110000, 3), (1.15, 310000, 3)]"
,price,volume,type,time
0,1.13,10000,SELL,2018-11-16 14:14:50
,BookList
0,"[(1.1, 90000, 4), (1.11, 60000, 3), (1.12, 40000, 3)],1.12667,[(1.13, 20000, 1), (1.14, 110000, 3), (1.15, 310000, 3)]"
,BookList
0,"[(1.1, 90000, 4), (1.11, 60000, 3), (1.12, 40000, 3)],1.12667,[(1.13, 20000, 1), (1.14, 100000, 2), (1.15, 310000, 3)]"
,BookList
0,"[(1.1, 90000, 4), (1.11, 60000, 3), (1.12, 30000, 2)],1.126,[(1.13, 20000, 1), (1.14, 100000, 2), (1.15, 310000, 3)]"
,BookList
0,"[(1.1, 90000, 4), (1.11, 60000, 3), (1.12, 30000, 2)],1.126,[(1.13, 20000, 1), (1.14, 100000, 2), (1.15, 310000, 3)]"
,BookList
0,"[(1.11, 60000, 3), (1.12, 30000, 2), (1.13, 30000, 1)],1.13231,[(1.14, 100000, 2), (1.15, 310000, 3), (1.16, 100000, 2)]"
,price,volume,type,time
0,1.13,20000,BUY,2018-11-16 14:14:57
,BookList
0,"[(1.11, 60000, 3), (1.12, 30000, 2), (1.13, 50000, 2)],1.13333,[(1.14, 100000, 2), (1.15, 310000, 3), (1.16, 100000, 2)]"
,BookList
0,"[(1.11, 60000, 3), (1.12, 30000, 2), (1.13, 60000, 3)],1.13375,[(1.14, 100000, 2), (1.15, 310000, 3), (1.16, 100000, 2)]"
,BookList
0,"[(1.11, 60000, 3), (1.12, 60000, 3), (1.13, 60000, 3)],1.13375,[(1.14, 100000, 2), (1.15, 310000, 3), (1.16, 100000, 2)]"
,BookList
0,"[(1.11, 20000, 2), (1.12, 60000, 3), (1.13, 100000, 4)],1.135,[(1.14, 100000, 2), (1.15, 310000, 3), (1.16, 100000, 2)]"
,BookList
0,"[(1.11, 40000, 3), (1.12, 60000, 3), (1.13, 100000, 4)],1.135,[(1.14, 100000, 2), (1.15, 310000, 3), (1.16, 100000, 2)]"
,BookList
0,"[(1.11, 40000, 3), (1.12, 60000, 3), (1.13, 100000, 4)],1.13476,[(1.14, 110000, 3), (1.15, 310000, 3), (1.16, 100000, 2)]"
,BookList
0,"[(1.11, 40000, 3), (1.12, 60000, 3), (1.13, 100000, 4)],1.13476,[(1.14, 110000, 3), (1.15, 310000, 3), (1.16, 100000, 2)]"
,BookList
0,"[(1.11, 40000, 3), (1.12, 60000, 3), (1.13, 100000, 4)],1.13476,[(1.14, 110000, 3), (1.15, 310000, 3), (1.16, 100000, 2)]"
,BookList
0,"[(1.11, 30000, 2), (1.12, 60000, 3), (1.13, 100000, 4)],1.13476,[(1.14, 110000, 3), (1.15, 310000, 3), (1.16, 100000, 2)]"
,BookList
0,"[(1.11, 30000, 2), (1.12, 50000, 2), (1.13, 100000, 4)],1.13476,[(1.14, 110000, 3), (1.15, 310000, 3), (1.16, 100000, 2)]"
,BookList
0,"[(1.11, 30000, 2), (1.12, 50000, 2), (1.13, 100000, 4)],1.135,[(1.14, 100000, 3), (1.15, 310000, 3), (1.16, 100000, 2)]"
,price,volume,type,time
0,1.14,10000,BUY,2018-11-16 14:15:20
,BookList
0,"[(1.11, 10000, 1), (1.12, 50000, 2), (1.13, 100000, 4)],1.135,[(1.14, 100000, 3), (1.15, 310000, 3), (1.16, 100000, 2)]"
,BookList
0,"[(1.11, 10000, 1), (1.12, 50000, 2), (1.13, 100000, 4)],1.135,[(1.14, 100000, 3), (1.15, 310000, 3), (1.16, 100000, 2)]"
,BookList
0,"[(1.11, 10000, 1), (1.12, 50000, 2), (1.13, 110000, 5)],1.13524,[(1.14, 100000, 3), (1.15, 310000, 3), (1.16, 100000, 2)]"
,BookList
0,"[(1.11, 10000, 1), (1.12, 50000, 2), (1.13, 110000, 5)],1.13524,[(1.14, 100000, 3), (1.15, 310000, 3), (1.16, 100000, 2)]"
,BookList
0,"[(1.11, 10000, 1), (1.12, 50000, 2), (1.13, 110000, 5)],1.13379,[(1.14, 180000, 4), (1.15, 310000, 3), (1.16, 100000, 2)]"
,BookList
0,"[(1.11, 10000, 1), (1.12, 50000, 2), (1.13, 110000, 5)],1.13379,[(1.14, 180000, 4), (1.15, 310000, 3), (1.16, 100000, 2)]"
,BookList
0,"[(1.11, 10000, 1), (1.12, 50000, 2), (1.13, 100000, 4)],1.13357,[(1.14, 180000, 4), (1.15, 310000, 3), (1.16, 100000, 2)]"
,BookList
0,"[(1.11, 10000, 1), (1.12, 50000, 2), (1.13, 80000, 3)],1.13333,[(1.14, 160000, 4), (1.15, 310000, 3), (1.16, 100000, 2)]"
,price,volume,type,time
0,1.14,20000,BUY,2018-11-16 14:15:36
,BookList
0,"[(1.11, 10000, 1), (1.12, 50000, 2), (1.13, 80000, 3)],1.13348,[(1.14, 150000, 3), (1.15, 310000, 3), (1.16, 100000, 2)]"
,BookList
0,"[(1.11, 10000, 1), (1.12, 50000, 2), (1.13, 60000, 3)],1.13286,[(1.14, 150000, 3), (1.15, 310000, 3), (1.16, 100000, 2)]"
,price,volume,type,time
0,1.13,20000,SELL,2018-11-16 14:15:37
,BookList
0,"[(1.11, 10000, 1), (1.12, 50000, 2), (1.13, 40000, 1)],1.13211,[(1.14, 150000, 3), (1.15, 310000, 3), (1.16, 100000, 2)]"
,price,volume,type,time
0,1.13,20000,SELL,2018-11-16 14:15:38
,BookList
0,"[(1.11, 10000, 1), (1.12, 20000, 1), (1.13, 40000, 1)],1.13211,[(1.14, 150000, 3), (1.15, 310000, 3), (1.16, 100000, 2)]"
,BookList
0,"[(1.1, 80000, 4), (1.11, 10000, 1), (1.12, 20000, 1)],1.12235,[(1.14, 150000, 3), (1.15, 310000, 3), (1.16, 100000, 2)]"
,price,volume,type,time
0,1.13,10000,SELL,2018-11-16 14:15:39
1,1.13,30000,SELL,2018-11-16 14:15:39
,BookList
0,"[(1.09, 70000, 3), (1.1, 80000, 4), (1.11, 10000, 1)],1.11071,[(1.12, 130000, 1), (1.13, 0, 0), (1.14, 150000, 3)]"
,price,volume,type,time
0,1.12,20000,SELL,2018-11-16 14:15:46
,BookList
0,"[(1.09, 70000, 3), (1.1, 80000, 4), (1.11, 10000, 1)],1.11071,[(1.12, 130000, 1), (1.13, 20000, 1), (1.14, 150000, 3)]"
,BookList
0,"[(1.09, 70000, 3), (1.1, 70000, 3), (1.11, 10000, 1)],1.11071,[(1.12, 130000, 1), (1.13, 20000, 1), (1.14, 150000, 3)]"
,BookList
0,"[(1.09, 80000, 4), (1.1, 70000, 3), (1.11, 10000, 1)],1.11071,[(1.12, 130000, 1), (1.13, 20000, 1), (1.14, 150000, 3)]"
,BookList
0,"[(1.09, 80000, 4), (1.1, 70000, 3), (1.11, 10000, 1)],1.11071,[(1.12, 130000, 1), (1.13, 50000, 2), (1.14, 150000, 3)]"
,BookList
0,"[(1.09, 80000, 4), (1.1, 20000, 2), (1.11, 10000, 1)],1.11071,[(1.12, 130000, 1), (1.13, 50000, 2), (1.14, 150000, 3)]"
,BookList
0,"[(1.09, 80000, 4), (1.1, 20000, 2), (1.11, 10000, 1)],1.11071,[(1.12, 130000, 1), (1.13, 50000, 2), (1.14, 150000, 3)]"
,BookList
0,"[(1.08, 550000, 2), (1.09, 80000, 4), (1.1, 20000, 2)],1.10267,[(1.12, 130000, 1), (1.13, 50000, 2), (1.14, 150000, 3)]"
,price,volume,type,time
0,1.11,10000,SELL,2018-11-16 14:16:05
,BookList
0,"[(1.08, 550000, 2), (1.09, 80000, 4), (1.1, 20000, 2)],1.10267,[(1.12, 130000, 1), (1.13, 50000, 2), (1.14, 150000, 3)]"
,BookList
0,"[(1.08, 550000, 2), (1.09, 80000, 4), (1.1, 20000, 2)],1.10667,[(1.11, 10000, 1), (1.12, 130000, 1), (1.13, 50000, 2)]"
,BookList
0,"[(1.08, 550000, 2), (1.09, 80000, 4), (1.1, 20000, 2)],1.10667,[(1.11, 10000, 1), (1.12, 130000, 1), (1.13, 50000, 2)]"
,BookList
0,"[(1.08, 550000, 2), (1.09, 80000, 4), (1.1, 20000, 2)],1.105,[(1.11, 20000, 2), (1.12, 130000, 1), (1.13, 50000, 2)]"
,BookList
0,"[(1.08, 50000, 1), (1.09, 80000, 4), (1.1, 20000, 2)],1.105,[(1.11, 20000, 2), (1.12, 130000, 1), (1.13, 50000, 2)]"
,BookList
0,"[(1.08, 50000, 1), (1.09, 80000, 4), (1.1, 10000, 1)],1.10333,[(1.11, 20000, 2), (1.12, 130000, 1), (1.13, 50000, 2)]"
,BookList
0,"[(1.08, 50000, 1), (1.09, 70000, 3), (1.1, 10000, 1)],1.10333,[(1.11, 20000, 2), (1.12, 130000, 1), (1.13, 50000, 2)]"
,BookList
0,"[(1.08, 50000, 1), (1.09, 70000, 3), (1.1, 10000, 1)],1.105,[(1.11, 10000, 1), (1.12, 130000, 1), (1.13, 50000, 2)]"
,price,volume,type,time
0,1.11,10000,BUY,2018-11-16 14:16:30
,BookList
0,"[(1.08, 50000, 1), (1.09, 70000, 3), (1.1, 10000, 1)],1.105,[(1.11, 10000, 1), (1.12, 130000, 1), (1.13, 50000, 2)]"
,BookList
0,"[(1.08, 50000, 1), (1.09, 60000, 2), (1.1, 10000, 1)],1.105,[(1.11, 10000, 1), (1.12, 130000, 1), (1.13, 50000, 2)]"
,BookList
0,"[(1.08, 50000, 1), (1.09, 60000, 2), (1.1, 10000, 1)],1.1025,[(1.11, 30000, 2), (1.12, 130000, 1), (1.13, 30000, 1)]"
,BookList
0,"[(1.08, 50000, 1), (1.09, 60000, 2), (1.1, 10000, 1)],1.1025,[(1.11, 30000, 2), (1.12, 130000, 1), (1.13, 30000, 1)]"
,BookList
0,"[(1.08, 50000, 1), (1.09, 60000, 2), (1.1, 10000, 1)],1.10167,[(1.11, 50000, 3), (1.12, 130000, 1), (1.13, 30000, 1)]"
,BookList
0,"[(1.08, 50000, 1), (1.09, 60000, 2), (1.1, 10000, 1)],1.10167,[(1.11, 50000, 3), (1.12, 130000, 1), (1.13, 30000, 1)]"
,BookList
0,"[(1.08, 50000, 1), (1.09, 60000, 2), (1.1, 10000, 1)],1.102,[(1.11, 40000, 2), (1.12, 130000, 1), (1.13, 30000, 1)]"
,price,volume,type,time
0,1.11,10000,BUY,2018-11-16 14:17:09
,BookList
0,"[(1.08, 50000, 1), (1.09, 60000, 2), (1.1, 10000, 1)],1.102,[(1.11, 40000, 2), (1.12, 130000, 1), (1.13, 80000, 2)]"
,BookList
0,"[(1.08, 50000, 1), (1.09, 60000, 2), (1.1, 10000, 1)],1.102,[(1.11, 40000, 2), (1.12, 430000, 2), (1.13, 80000, 2)]"
,BookList
0,"[(1.07, 240000, 4), (1.08, 50000, 1), (1.09, 60000, 2)],1.102,[(1.11, 40000, 2), (1.12, 430000, 2), (1.13, 80000, 2)]"
,price,volume,type,time
0,1.1,10000,SELL,2018-11-16 14:17:57
,BookList
0,"[(1.07, 240000, 4), (1.08, 50000, 1), (1.09, 60000, 2)],1.1,[(1.11, 60000, 3), (1.12, 430000, 2), (1.13, 80000, 2)]"
,BookList
0,"[(1.07, 240000, 4), (1.08, 50000, 1), (1.09, 60000, 2)],1.1,[(1.11, 60000, 3), (1.12, 430000, 2), (1.13, 80000, 2)]"
,BookList
0,"[(1.08, 50000, 1), (1.09, 60000, 2), (1.1, 10000, 1)],1.10143,[(1.11, 60000, 3), (1.12, 430000, 2), (1.13, 80000, 2)]"
,BookList
0,"[(1.08, 50000, 1), (1.09, 60000, 2), (1.1, 10000, 1)],1.10143,[(1.11, 60000, 3), (1.12, 430000, 2), (1.13, 80000, 2)]"
,BookList
0,"[(1.07, 240000, 4), (1.08, 50000, 1), (1.09, 60000, 2)],1.09171,[(1.1, 290000, 1), (1.11, 60000, 3), (1.12, 130000, 1)]"
,price,volume,type,time
0,1.1,10000,SELL,2018-11-16 14:18:51
,BookList
0,"[(1.07, 240000, 4), (1.08, 50000, 1), (1.09, 60000, 2)],1.09162,[(1.1, 310000, 2), (1.11, 40000, 2), (1.12, 130000, 1)]"
,BookList
0,"[(1.06, 90000, 2), (1.07, 240000, 4), (1.08, 50000, 1)],1.08833,[(1.09, 10000, 1), (1.1, 310000, 2), (1.11, 40000, 2)]"
,price,volume,type,time
0,1.09,60000,SELL,2018-11-16 14:18:56
,BookList
0,"[(1.06, 90000, 2), (1.07, 240000, 4), (1.08, 50000, 1)],1.08714,[(1.09, 20000, 2), (1.1, 310000, 2), (1.11, 40000, 2)]"
,BookList
0,"[(1.06, 90000, 2), (1.07, 240000, 4), (1.08, 50000, 1)],1.08714,[(1.09, 20000, 2), (1.1, 310000, 2), (1.11, 40000, 2)]"
,BookList
0,"[(1.06, 90000, 2), (1.07, 240000, 4), (1.08, 50000, 1)],1.08714,[(1.09, 20000, 2), (1.1, 310000, 2), (1.11, 50000, 3)]"
,BookList
0,"[(1.05, 40000, 1), (1.06, 90000, 2), (1.07, 240000, 4)],1.08846,[(1.09, 20000, 2), (1.1, 310000, 2), (1.11, 50000, 3)]"
,price,volume,type,time
0,1.08,50000,SELL,2018-11-16 14:19:03
,BookList
0,"[(1.05, 40000, 1), (1.06, 90000, 2), (1.07, 140000, 3)],1.0875,[(1.09, 20000, 2), (1.1, 310000, 2), (1.11, 50000, 3)]"
,BookList
0,"[(1.05, 40000, 1), (1.06, 90000, 2), (1.07, 140000, 3)],1.0875,[(1.09, 20000, 2), (1.1, 310000, 2), (1.11, 40000, 2)]"
,BookList
0,"[(1.05, 40000, 1), (1.06, 90000, 2), (1.07, 140000, 3)],1.0875,[(1.09, 20000, 2), (1.1, 310000, 2), (1.11, 40000, 2)]"
,BookList
0,"[(1.06, 90000, 2), (1.07, 140000, 3), (1.08, 50000, 1)],1.08714,[(1.09, 20000, 2), (1.1, 310000, 2), (1.11, 40000, 2)]"
,BookList
0,"[(1.05, 40000, 1), (1.06, 90000, 2), (1.07, 140000, 3)],1.0875,[(1.09, 20000, 2), (1.1, 290000, 1), (1.11, 40000, 2)]"
,price,volume,type,time
0,1.08,20000,SELL,2018-11-16 14:19:21
1,1.08,30000,SELL,2018-11-16 14:19:21
,BookList
0,"[(1.05, 40000, 1), (1.06, 90000, 2), (1.07, 90000, 2)],1.08636,[(1.09, 20000, 2), (1.1, 290000, 1), (1.11, 40000, 2)]"
,price,volume,type,time
0,1.07,50000,SELL,2018-11-16 14:19:29
,BookList
0,"[(1.06, 90000, 2), (1.07, 90000, 2), (1.08, 70000, 1)],1.08778,[(1.09, 20000, 2), (1.1, 290000, 1), (1.11, 40000, 2)]"
,BookList
0,"[(1.06, 90000, 2), (1.07, 90000, 2), (1.08, 120000, 2)],1.08857,[(1.09, 20000, 2), (1.1, 290000, 1), (1.11, 40000, 2)]"
,BookList
0,"[(1.06, 90000, 2), (1.07, 90000, 2), (1.08, 120000, 2)],1.08857,[(1.09, 20000, 2), (1.1, 350000, 2), (1.11, 40000, 2)]"
,BookList
0,"[(1.07, 90000, 2), (1.08, 120000, 2), (1.09, 30000, 1)],1.09079,[(1.1, 350000, 2), (1.11, 40000, 2), (1.12, 130000, 1)]"
,price,volume,type,time
0,1.09,20000,BUY,2018-11-16 14:20:03
,BookList
0,"[(1.06, 90000, 2), (1.07, 90000, 2), (1.08, 120000, 2)],1.08511,[(1.1, 350000, 2), (1.11, 40000, 2), (1.12, 130000, 1)]"
,price,volume,type,time
0,1.09,20000,SELL,2018-11-16 14:20:21
1,1.09,10000,SELL,2018-11-16 14:20:21
,BookList
0,"[(1.06, 90000, 2), (1.07, 90000, 2), (1.08, 120000, 2)],1.08857,[(1.09, 20000, 1), (1.1, 350000, 2), (1.11, 40000, 2)]"
,BookList
0,"[(1.06, 90000, 2), (1.07, 90000, 2), (1.08, 120000, 2)],1.08511,[(1.1, 350000, 2), (1.11, 40000, 2), (1.12, 130000, 1)]"
,BookList
0,"[(1.06, 90000, 2), (1.07, 90000, 2), (1.08, 100000, 2)],1.08444,[(1.1, 350000, 2), (1.11, 40000, 2), (1.12, 130000, 1)]"
,price,volume,type,time
0,1.08,20000,SELL,2018-11-16 14:20:42
,BookList
0,"[(1.06, 90000, 2), (1.07, 90000, 2), (1.08, 100000, 2)],1.08465,[(1.1, 330000, 2), (1.11, 40000, 2), (1.12, 130000, 1)]"
,price,volume,type,time
0,1.1,20000,BUY,2018-11-16 14:20:56
,BookList
0,"[(1.06, 90000, 2), (1.07, 90000, 2), (1.08, 100000, 2)],1.08455,[(1.1, 340000, 3), (1.11, 40000, 2), (1.12, 130000, 1)]"
,BookList
0,"[(1.06, 90000, 2), (1.07, 90000, 2), (1.08, 50000, 1)],1.08256,[(1.1, 340000, 3), (1.11, 40000, 2), (1.12, 130000, 1)]"
,price,volume,type,time
0,1.08,50000,SELL,2018-11-16 14:21:12
,BookList
0,"[(1.07, 90000, 2), (1.08, 50000, 1), (1.09, 50000, 1)],1.09128,[(1.1, 340000, 3), (1.11, 40000, 2), (1.12, 130000, 1)]"
,BookList
0,"[(1.07, 90000, 2), (1.08, 60000, 2), (1.09, 50000, 1)],1.09128,[(1.1, 340000, 3), (1.11, 40000, 2), (1.12, 130000, 1)]"
,BookList
0,"[(1.06, 90000, 2), (1.07, 90000, 2), (1.08, 60000, 2)],1.083,[(1.1, 340000, 3), (1.11, 40000, 2), (1.12, 130000, 1)]"
,price,volume,type,time
0,1.09,50000,SELL,2018-11-16 14:21:30
,BookList
0,"[(1.06, 90000, 2), (1.07, 90000, 2), (1.08, 60000, 2)],1.083,[(1.1, 340000, 3), (1.11, 50000, 3), (1.12, 130000, 1)]"
,BookList
0,"[(1.06, 90000, 2), (1.07, 90000, 2), (1.08, 60000, 2)],1.08667,[(1.09, 30000, 1), (1.1, 340000, 3), (1.11, 50000, 3)]"
,BookList
0,"[(1.06, 90000, 2), (1.07, 90000, 2), (1.08, 60000, 2)],1.08545,[(1.09, 50000, 2), (1.1, 340000, 3), (1.11, 30000, 2)]"
,BookList
0,"[(1.05, 40000, 1), (1.06, 90000, 2), (1.07, 90000, 2)],1.085,[(1.09, 30000, 1), (1.1, 340000, 3), (1.11, 30000, 2)]"
,price,volume,type,time
0,1.08,20000,SELL,2018-11-16 14:22:21
1,1.08,40000,SELL,2018-11-16 14:22:21
,BookList
0,"[(1.05, 40000, 1), (1.06, 90000, 2), (1.07, 90000, 2)],1.085,[(1.09, 30000, 1), (1.1, 350000, 4), (1.11, 20000, 1)]"
,BookList
0,"[(1.06, 90000, 2), (1.07, 90000, 2), (1.08, 50000, 1)],1.08625,[(1.09, 30000, 1), (1.1, 350000, 4), (1.11, 20000, 1)]"
,BookList
0,"[(1.06, 90000, 2), (1.07, 90000, 2), (1.08, 50000, 1)],1.08625,[(1.09, 30000, 1), (1.1, 350000, 4), (1.11, 20000, 1)]"
,BookList
0,"[(1.07, 90000, 2), (1.08, 50000, 1), (1.09, 20000, 1)],1.09054,[(1.1, 350000, 4), (1.11, 20000, 1), (1.12, 130000, 1)]"
,price,volume,type,time
0,1.09,30000,BUY,2018-11-16 14:22:48
,BookList
0,"[(1.07, 90000, 2), (1.08, 100000, 2), (1.09, 20000, 1)],1.09054,[(1.1, 350000, 4), (1.11, 20000, 1), (1.12, 130000, 1)]"
,BookList
0,"[(1.07, 110000, 3), (1.08, 100000, 2), (1.09, 20000, 1)],1.09054,[(1.1, 350000, 4), (1.11, 20000, 1), (1.12, 130000, 1)]"
,BookList
0,"[(1.07, 110000, 3), (1.08, 100000, 2), (1.09, 20000, 1)],1.09049,[(1.1, 390000, 5), (1.11, 20000, 1), (1.12, 130000, 1)]"
,BookList
0,"[(1.06, 90000, 2), (1.07, 110000, 3), (1.08, 100000, 2)],1.08417,[(1.1, 380000, 4), (1.11, 20000, 1), (1.12, 130000, 1)]"
,price,volume,type,time
0,1.09,10000,SELL,2018-11-16 14:24:24
1,1.09,10000,SELL,2018-11-16 14:24:24
,BookList
0,"[(1.06, 90000, 2), (1.07, 110000, 3), (1.08, 100000, 2)],1.08455,[(1.09, 120000, 1), (1.1, 380000, 4), (1.11, 20000, 1)]"
,BookList
0,"[(1.05, 40000, 1), (1.06, 90000, 2), (1.07, 110000, 3)],1.07957,[(1.09, 120000, 1), (1.1, 380000, 4), (1.11, 20000, 1)]"
,price,volume,type,time
0,1.08,50000,SELL,2018-11-16 14:24:46
1,1.08,50000,SELL,2018-11-16 14:24:46
,BookList
0,"[(1.05, 40000, 1), (1.06, 90000, 2), (1.07, 110000, 3)],1.07917,[(1.09, 130000, 2), (1.1, 370000, 3), (1.11, 20000, 1)]"
,BookList
0,"[(1.05, 40000, 1), (1.06, 90000, 2), (1.07, 110000, 3)],1.07917,[(1.09, 130000, 2), (1.1, 370000, 3), (1.11, 20000, 1)]"
,BookList
0,"[(1.06, 90000, 2), (1.07, 110000, 3), (1.08, 20000, 1)],1.08133,[(1.09, 130000, 2), (1.1, 370000, 3), (1.11, 20000, 1)]"
,BookList
0,"[(1.06, 90000, 2), (1.07, 110000, 3), (1.08, 70000, 2)],1.0835,[(1.09, 130000, 2), (1.1, 370000, 3), (1.11, 20000, 1)]"
,BookList
0,"[(1.06, 90000, 2), (1.07, 110000, 3), (1.08, 50000, 1)],1.08278,[(1.09, 130000, 2), (1.1, 370000, 3), (1.11, 20000, 1)]"
,price,volume,type,time
0,1.08,20000,SELL,2018-11-16 14:25:37
,BookList
0,"[(1.06, 90000, 2), (1.07, 110000, 3), (1.08, 50000, 1)],1.08278,[(1.09, 130000, 2), (1.1, 370000, 3), (1.11, 20000, 1)]"
,BookList
0,"[(1.06, 90000, 2), (1.07, 110000, 3), (1.08, 50000, 1)],1.08278,[(1.09, 130000, 2), (1.1, 370000, 3), (1.11, 20000, 1)]"
,BookList
0,"[(1.06, 90000, 2), (1.07, 110000, 3), (1.08, 50000, 1)],1.08278,[(1.09, 130000, 2), (1.1, 370000, 3), (1.11, 20000, 1)]"
,BookList
0,"[(1.06, 90000, 2), (1.07, 110000, 3), (1.08, 50000, 1)],1.08278,[(1.09, 130000, 2), (1.1, 370000, 3), (1.11, 20000, 1)]"
,BookList
0,"[(1.06, 90000, 2), (1.07, 110000, 3), (1.08, 50000, 1)],1.08278,[(1.09, 130000, 2), (1.1, 370000, 3), (1.11, 20000, 1)]"
,BookList
0,"[(1.06, 90000, 2), (1.07, 110000, 3), (1.08, 80000, 2)],1.08381,[(1.09, 130000, 2), (1.1, 370000, 3), (1.11, 20000, 1)]"
,BookList
0,"[(1.06, 90000, 2), (1.07, 110000, 3), (1.08, 80000, 2)],1.08667,[(1.1, 160000, 3), (1.11, 20000, 1), (1.12, 0, 0)]"
,price,volume,type,time
0,1.09,130000,BUY,2018-11-16 14:25:58
1,1.1,210000,BUY,2018-11-16 14:25:58
,BookList
0,"[(1.06, 90000, 2), (1.07, 110000, 3), (1.08, 80000, 2)],1.08727,[(1.1, 140000, 3), (1.11, 20000, 1), (1.12, 0, 0)]"
,price,volume,type,time
0,1.1,20000,BUY,2018-11-16 14:26:01
,BookList
0,"[(1.06, 90000, 2), (1.07, 110000, 3), (1.08, 50000, 1)],1.08625,[(1.1, 110000, 3), (1.11, 20000, 1), (1.12, 0, 0)]"
,price,volume,type,time
0,1.1,30000,BUY,2018-11-16 14:26:05
,BookList
0,"[(1.07, 110000, 3), (1.08, 50000, 1), (1.09, 10000, 1)],1.09083,[(1.1, 110000, 3), (1.11, 20000, 1), (1.12, 0, 0)]"
,BookList
0,"[(1.07, 110000, 3), (1.08, 50000, 1), (1.09, 10000, 1)],1.09091,[(1.1, 100000, 2), (1.11, 20000, 1), (1.12, 0, 0)]"
,price,volume,type,time
0,1.1,10000,BUY,2018-11-16 14:26:09
,BookList
0,"[(1.07, 110000, 3), (1.08, 50000, 1), (1.09, 10000, 1)],1.091,[(1.1, 90000, 2), (1.11, 20000, 1), (1.12, 0, 0)]"
,price,volume,type,time
0,1.1,10000,BUY,2018-11-16 14:26:10
,BookList
0,"[(1.07, 110000, 3), (1.08, 50000, 1), (1.09, 10000, 1)],1.091,[(1.1, 90000, 2), (1.11, 20000, 1), (1.12, 0, 0)]"
,BookList
0,"[(1.07, 110000, 3), (1.08, 50000, 1), (1.09, 10000, 1)],1.09111,[(1.1, 80000, 2), (1.11, 20000, 1), (1.12, 0, 0)]"
,price,volume,type,time
0,1.1,10000,BUY,2018-11-16 14:26:10
,BookList
0,"[(1.07, 110000, 3), (1.08, 50000, 1), (1.09, 10000, 1)],1.0925,[(1.1, 30000, 1), (1.11, 20000, 1), (1.12, 0, 0)]"
,price,volume,type,time
0,1.1,50000,BUY,2018-11-16 14:26:11
,BookList
0,"[(1.08, 50000, 1), (1.09, 10000, 1), (1.1, 20000, 1)],1.105,[(1.11, 20000, 1), (1.12, 0, 0), (1.13, 130000, 3)]"
,price,volume,type,time
0,1.1,30000,BUY,2018-11-16 14:26:12
,BookList
0,"[(1.08, 50000, 1), (1.09, 10000, 1), (1.1, 30000, 2)],1.106,[(1.11, 20000, 1), (1.12, 0, 0), (1.13, 130000, 3)]"
,BookList
0,"[(1.08, 50000, 1), (1.09, 10000, 1), (1.1, 30000, 2)],1.106,[(1.11, 20000, 1), (1.12, 0, 0), (1.13, 150000, 4)]"
,BookList
0,"[(1.08, 50000, 1), (1.09, 10000, 1), (1.1, 30000, 2)],1.103,[(1.11, 70000, 2), (1.12, 0, 0), (1.13, 150000, 4)]"
,BookList
0,"[(1.08, 50000, 1), (1.09, 10000, 1), (1.1, 30000, 2)],1.103,[(1.11, 70000, 2), (1.12, 0, 0), (1.13, 150000, 4)]"
,BookList
0,"[(1.08, 50000, 1), (1.09, 10000, 1), (1.1, 20000, 1)],1.10222,[(1.11, 70000, 2), (1.12, 0, 0), (1.13, 150000, 4)]"
,BookList
0,"[(1.07, 110000, 3), (1.08, 50000, 1), (1.09, 10000, 1)],1.09167,[(1.1, 50000, 1), (1.11, 70000, 2), (1.12, 0, 0)]"
,price,volume,type,time
0,1.1,20000,SELL,2018-11-16 14:26:19
,BookList
0,"[(1.07, 110000, 3), (1.08, 50000, 1), (1.09, 10000, 1)],1.09038,[(1.1, 250000, 2), (1.11, 70000, 2), (1.12, 0, 0)]"
,BookList
0,"[(1.06, 190000, 3), (1.07, 110000, 3), (1.08, 50000, 1)],1.08333,[(1.1, 250000, 2), (1.11, 70000, 2), (1.12, 0, 0)]"
,price,volume,type,time
0,1.09,10000,SELL,2018-11-16 14:26:35
,BookList
0,"[(1.06, 190000, 3), (1.07, 110000, 3), (1.08, 50000, 1)],1.085,[(1.09, 50000, 1), (1.1, 250000, 2), (1.11, 20000, 1)]"
,price,volume,type,time
0,1.09,50000,BUY,2018-11-16 14:26:48
1,1.1,250000,BUY,2018-11-16 14:26:48
,BookList
0,"[(1.06, 190000, 3), (1.07, 110000, 3), (1.08, 50000, 1)],1.10143,[(1.11, 20000, 1), (1.12, 0, 0), (1.13, 150000, 4)]"
,BookList
0,"[(1.07, 110000, 3), (1.08, 50000, 1), (1.09, 10000, 1)],1.09667,[(1.11, 20000, 1), (1.12, 0, 0), (1.13, 150000, 4)]"
,BookList
0,"[(1.05, 40000, 1), (1.06, 190000, 3), (1.07, 40000, 2)],1.09667,[(1.11, 20000, 1), (1.12, 0, 0), (1.13, 150000, 4)]"
,price,volume,type,time
0,1.09,10000,SELL,2018-11-16 14:26:58
1,1.08,50000,SELL,2018-11-16 14:26:58
2,1.07,70000,SELL,2018-11-16 14:26:58
,BookList
0,"[(1.06, 190000, 3), (1.07, 40000, 2), (1.08, 10000, 1)],1.09,[(1.11, 20000, 1), (1.12, 0, 0), (1.13, 150000, 4)]"
,BookList
0,"[(1.07, 40000, 2), (1.08, 10000, 1), (1.09, 10000, 1)],1.09667,[(1.11, 20000, 1), (1.12, 0, 0), (1.13, 150000, 4)]"
,BookList
0,"[(1.07, 40000, 2), (1.08, 0, 0), (1.09, 10000, 1)],1.09667,[(1.11, 20000, 1), (1.12, 0, 0), (1.13, 150000, 4)]"
,BookList
0,"[(1.06, 190000, 3), (1.07, 40000, 2), (1.08, 10000, 1)],1.09,[(1.11, 20000, 1), (1.12, 0, 0), (1.13, 150000, 4)]"
,BookList
0,"[(1.06, 190000, 3), (1.07, 40000, 2), (1.08, 10000, 1)],1.09,[(1.1, 10000, 1), (1.11, 20000, 1), (1.12, 0, 0)]"
,BookList
0,"[(1.07, 40000, 2), (1.08, 10000, 1), (1.09, 50000, 1)],1.09833,[(1.1, 10000, 1), (1.11, 20000, 1), (1.12, 0, 0)]"
,BookList
0,"[(1.07, 40000, 2), (1.08, 10000, 1), (1.09, 50000, 1)],1.09833,[(1.1, 10000, 1), (1.11, 20000, 1), (1.12, 0, 0)]"
,BookList
0,"[(1.07, 40000, 2), (1.08, 10000, 1), (1.09, 50000, 1)],1.09833,[(1.1, 10000, 1), (1.11, 20000, 1), (1.12, 0, 0)]"
,BookList
0,"[(1.07, 40000, 2), (1.08, 10000, 1), (1.09, 50000, 1)],1.10429,[(1.11, 20000, 1), (1.12, 0, 0), (1.13, 150000, 4)]"
,BookList
0,"[(1.07, 40000, 2), (1.08, 60000, 2), (1.09, 50000, 1)],1.10429,[(1.11, 20000, 1), (1.12, 0, 0), (1.13, 150000, 4)]"
,BookList
0,"[(1.07, 40000, 2), (1.08, 60000, 2), (1.09, 50000, 1)],1.1,[(1.11, 50000, 2), (1.12, 0, 0), (1.13, 150000, 4)]"
,BookList
0,"[(1.07, 40000, 2), (1.08, 60000, 2), (1.09, 50000, 1)],1.1,[(1.11, 50000, 2), (1.12, 0, 0), (1.13, 150000, 4)]"
,BookList
0,"[(1.07, 40000, 2), (1.08, 60000, 2), (1.09, 50000, 1)],1.1,[(1.11, 50000, 2), (1.12, 10000, 1), (1.13, 150000, 4)]"
,BookList
0,"[(1.07, 40000, 2), (1.08, 60000, 2), (1.09, 50000, 1)],1.09833,[(1.1, 10000, 1), (1.11, 50000, 2), (1.12, 10000, 1)]"
,BookList
0,"[(1.07, 50000, 3), (1.08, 60000, 2), (1.09, 50000, 1)],1.09833,[(1.1, 10000, 1), (1.11, 50000, 2), (1.12, 10000, 1)]"
,BookList
0,"[(1.07, 150000, 4), (1.08, 60000, 2), (1.09, 50000, 1)],1.09833,[(1.1, 10000, 1), (1.11, 50000, 2), (1.12, 10000, 1)]"
,BookList
0,"[(1.07, 150000, 4), (1.08, 60000, 2), (1.09, 50000, 1)],1.1,[(1.11, 50000, 2), (1.12, 10000, 1), (1.13, 150000, 4)]"
,BookList
0,"[(1.07, 150000, 4), (1.08, 60000, 2), (1.09, 50000, 1)],1.1,[(1.11, 50000, 2), (1.12, 10000, 1), (1.13, 150000, 4)]"
,price,volume,type,time
0,1.06,8500,NEUTRAL,2018-11-16 14:28:08
,BookList
0,"[(1.07, 150000, 4), (1.08, 60000, 2), (1.09, 50000, 1)],1.1,[(1.11, 50000, 2), (1.12, 20000, 2), (1.13, 130000, 3)]"
,BookList
0,"[(1.07, 150000, 4), (1.08, 60000, 2), (1.09, 50000, 1)],1.09833,[(1.1, 10000, 1), (1.11, 50000, 2), (1.12, 20000, 2)]"
,BookList
0,"[(1.07, 150000, 4), (1.08, 60000, 2), (1.09, 50000, 1)],1.09833,[(1.1, 10000, 1), (1.11, 50000, 2), (1.12, 20000, 2)]"
,BookList
0,"[(1.07, 150000, 4), (1.08, 60000, 2), (1.09, 50000, 1)],1.09833,[(1.1, 10000, 1), (1.11, 50000, 2), (1.12, 20000, 2)]"
,BookList
0,"[(1.07, 150000, 4), (1.08, 60000, 2), (1.09, 50000, 1)],1.09455,[(1.1, 60000, 2), (1.11, 50000, 2), (1.12, 20000, 2)]"
,BookList
0,"[(1.07, 150000, 4), (1.08, 60000, 2), (1.09, 50000, 1)],1.09455,[(1.1, 60000, 2), (1.11, 50000, 2), (1.12, 10000, 1)]"
,BookList
0,"[(1.07, 150000, 4), (1.08, 60000, 2), (1.09, 40000, 1)],1.09444,[(1.1, 50000, 1), (1.11, 50000, 2), (1.12, 10000, 1)]"
,price,volume,type,time
0,1.09,10000,SELL,2018-11-16 14:30:00
,BookList
0,"[(1.07, 140000, 3), (1.08, 60000, 2), (1.09, 40000, 1)],1.09444,[(1.1, 50000, 1), (1.11, 50000, 2), (1.12, 10000, 1)]"
,BookList
0,"[(1.07, 140000, 3), (1.08, 50000, 1), (1.09, 40000, 1)],1.09444,[(1.1, 50000, 1), (1.11, 50000, 2), (1.12, 10000, 1)]"
,BookList
0,"[(1.07, 140000, 3), (1.08, 50000, 1), (1.09, 40000, 1)],1.09889,[(1.11, 50000, 2), (1.12, 10000, 1), (1.13, 130000, 3)]"
,price,volume,type,time
0,1.1,50000,BUY,2018-11-16 14:32:25
,BookList
0,"[(1.07, 140000, 3), (1.08, 50000, 1), (1.09, 40000, 1)],1.10333,[(1.11, 20000, 1), (1.12, 10000, 1), (1.13, 130000, 3)]"
,BookList
0,"[(1.07, 140000, 3), (1.08, 50000, 1), (1.09, 40000, 1)],1.10333,[(1.11, 20000, 1), (1.12, 20000, 2), (1.13, 130000, 3)]"
,BookList
0,"[(1.07, 140000, 3), (1.08, 50000, 1), (1.09, 40000, 1)],1.10333,[(1.11, 20000, 1), (1.12, 30000, 3), (1.13, 130000, 3)]"
,BookList
0,"[(1.07, 140000, 3), (1.08, 50000, 1), (1.09, 40000, 1)],1.10333,[(1.11, 20000, 1), (1.12, 30000, 3), (1.13, 130000, 3)]"
,BookList
0,"[(1.07, 140000, 3), (1.08, 50000, 1), (1.09, 40000, 1)],1.10333,[(1.11, 20000, 1), (1.12, 30000, 3), (1.13, 130000, 3)]"
,BookList
0,"[(1.07, 140000, 3), (1.08, 50000, 1), (1.09, 40000, 1)],1.10333,[(1.11, 20000, 1), (1.12, 30000, 3), (1.13, 130000, 3)]"
,BookList
0,"[(1.07, 140000, 3), (1.08, 50000, 1), (1.09, 40000, 1)],1.10333,[(1.11, 20000, 1), (1.12, 30000, 3), (1.13, 130000, 3)]"
,BookList
0,"[(1.07, 140000, 3), (1.08, 50000, 1), (1.09, 40000, 1)],1.09444,[(1.1, 50000, 1), (1.11, 20000, 1), (1.12, 30000, 3)]"
,BookList
0,"[(1.07, 140000, 3), (1.08, 50000, 1), (1.09, 40000, 1)],1.09444,[(1.1, 50000, 1), (1.11, 20000, 1), (1.12, 30000, 3)]"
,BookList
0,"[(1.07, 140000, 3), (1.08, 50000, 1), (1.09, 40000, 1)],1.09444,[(1.1, 50000, 1), (1.11, 20000, 1), (1.12, 20000, 2)]"
,BookList
0,"[(1.07, 140000, 3), (1.08, 50000, 1), (1.09, 40000, 1)],1.09571,[(1.1, 30000, 1), (1.11, 20000, 1), (1.12, 20000, 2)]"
,price,volume,type,time
0,1.1,20000,BUY,2018-11-16 14:35:06
,BookList
0,"[(1.07, 140000, 3), (1.08, 50000, 1), (1.09, 40000, 1)],1.09571,[(1.1, 30000, 1), (1.11, 20000, 1), (1.12, 20000, 2)]"
,BookList
0,"[(1.07, 140000, 3), (1.08, 50000, 1), (1.09, 40000, 1)],1.09571,[(1.1, 30000, 1), (1.11, 20000, 1), (1.12, 20000, 2)]"
,BookList
0,"[(1.07, 140000, 3), (1.08, 50000, 1), (1.09, 40000, 1)],1.10333,[(1.11, 20000, 1), (1.12, 20000, 2), (1.13, 150000, 5)]"
,price,volume,type,time
0,1.1,30000,BUY,2018-11-16 14:36:14
,BookList
0,"[(1.07, 140000, 3), (1.08, 50000, 1), (1.09, 40000, 1)],1.098,[(1.1, 10000, 1), (1.11, 20000, 1), (1.12, 20000, 2)]"
,BookList
0,"[(1.07, 140000, 3), (1.08, 50000, 1), (1.09, 40000, 1)],1.10333,[(1.11, 20000, 1), (1.12, 20000, 2), (1.13, 150000, 5)]"
,price,volume,type,time
0,1.1,10000,BUY,2018-11-16 14:36:20
,BookList
0,"[(1.07, 140000, 3), (1.08, 50000, 1), (1.09, 40000, 1)],1.10333,[(1.11, 20000, 1), (1.12, 20000, 2), (1.13, 150000, 5)]"
,BookList
0,"[(1.07, 140000, 3), (1.08, 50000, 1), (1.09, 40000, 1)],1.098,[(1.1, 10000, 1), (1.11, 20000, 1), (1.12, 20000, 2)]"
,BookList
0,"[(1.07, 140000, 3), (1.08, 50000, 1), (1.09, 40000, 1)],1.10333,[(1.11, 20000, 1), (1.12, 20000, 2), (1.13, 150000, 5)]"
,price,volume,type,time
0,1.1,10000,BUY,2018-11-16 14:36:36
,BookList
0,"[(1.07, 140000, 3), (1.08, 50000, 1), (1.09, 40000, 1)],1.10333,[(1.11, 20000, 1), (1.12, 20000, 2), (1.13, 150000, 5)]"
,BookList
0,"[(1.07, 140000, 3), (1.08, 50000, 1), (1.09, 40000, 1)],1.10333,[(1.11, 20000, 1), (1.12, 20000, 2), (1.13, 150000, 5)]"
,BookList
0,"[(1.07, 140000, 3), (1.08, 50000, 1), (1.09, 40000, 1)],1.09048,[(1.1, 800000, 1), (1.11, 20000, 1), (1.12, 20000, 2)]"
,BookList
0,"[(1.07, 140000, 3), (1.08, 50000, 1), (1.09, 40000, 1)],1.10333,[(1.11, 20000, 1), (1.12, 20000, 2), (1.13, 150000, 5)]"
,price,volume,type,time
0,1.1,800000,BUY,2018-11-16 14:38:01
,BookList
0,"[(1.07, 140000, 3), (1.08, 50000, 1), (1.09, 40000, 1)],1.10333,[(1.11, 20000, 1), (1.12, 20000, 2), (1.13, 150000, 5)]"
,BookList
0,"[(1.07, 140000, 3), (1.08, 50000, 1), (1.09, 50000, 2)],1.10429,[(1.11, 20000, 1), (1.12, 20000, 2), (1.13, 150000, 5)]"
,BookList
0,"[(1.07, 140000, 3), (1.08, 50000, 1), (1.09, 50000, 2)],1.09833,[(1.1, 10000, 1), (1.11, 20000, 1), (1.12, 20000, 2)]"
,BookList
0,"[(1.07, 140000, 3), (1.08, 50000, 1), (1.09, 50000, 2)],1.09109,[(1.1, 410000, 2), (1.11, 20000, 1), (1.12, 20000, 2)]"
,BookList
0,"[(1.07, 140000, 3), (1.08, 50000, 1), (1.09, 50000, 2)],1.10429,[(1.11, 20000, 1), (1.12, 20000, 2), (1.13, 150000, 5)]"
,price,volume,type,time
0,1.1,410000,BUY,2018-11-16 14:39:51
,BookList
0,"[(1.08, 50000, 1), (1.09, 40000, 1), (1.1, 10000, 1)],1.10333,[(1.11, 20000, 1), (1.12, 20000, 2), (1.13, 150000, 5)]"
,BookList
0,"[(1.07, 140000, 3), (1.08, 50000, 1), (1.09, 40000, 1)],1.10333,[(1.11, 20000, 1), (1.12, 20000, 2), (1.13, 150000, 5)]"
,BookList
0,"[(1.07, 140000, 3), (1.08, 50000, 1), (1.09, 40000, 1)],1.10333,[(1.11, 20000, 1), (1.12, 20000, 2), (1.13, 150000, 5)]"
,BookList
0,"[(1.07, 140000, 3), (1.08, 50000, 1), (1.09, 40000, 1)],1.09444,[(1.1, 50000, 1), (1.11, 20000, 1), (1.12, 20000, 2)]"
,BookList
0,"[(1.07, 140000, 3), (1.08, 50000, 1), (1.09, 40000, 1)],1.09444,[(1.1, 50000, 1), (1.11, 20000, 1), (1.12, 20000, 2)]"
,BookList
0,"[(1.07, 140000, 3), (1.08, 50000, 1), (1.09, 40000, 1)],1.09286,[(1.1, 100000, 2), (1.11, 20000, 1), (1.12, 20000, 2)]"
,BookList
0,"[(1.07, 140000, 3), (1.08, 50000, 1), (1.09, 40000, 1)],1.09211,[(1.1, 150000, 3), (1.11, 20000, 1), (1.12, 20000, 2)]"
,BookList
0,"[(1.07, 140000, 3), (1.08, 50000, 1), (1.09, 40000, 1)],1.09167,[(1.1, 200000, 4), (1.11, 20000, 1), (1.12, 20000, 2)]"
,BookList
0,"[(1.07, 140000, 3), (1.08, 50000, 1), (1.09, 10000, 1)],1.09048,[(1.1, 200000, 4), (1.11, 20000, 1), (1.12, 20000, 2)]"
,price,volume,type,time
0,1.09,20000,SELL,2018-11-16 14:41:34
1,1.09,10000,SELL,2018-11-16 14:41:34
,BookList
0,"[(1.06, 90000, 2), (1.07, 140000, 3), (1.08, 50000, 1)],1.08556,[(1.09, 40000, 1), (1.1, 150000, 3), (1.11, 20000, 1)]"
,price,volume,type,time
0,1.09,10000,SELL,2018-11-16 14:41:38
,BookList
0,"[(1.05, 50000, 2), (1.06, 90000, 2), (1.07, 140000, 3)],1.08556,[(1.09, 40000, 1), (1.1, 150000, 3), (1.11, 20000, 1)]"
,price,volume,type,time
0,1.08,50000,SELL,2018-11-16 14:41:51
,BookList
0,"[(1.05, 50000, 2), (1.06, 90000, 2), (1.07, 140000, 3)],1.08556,[(1.09, 40000, 1), (1.1, 150000, 3), (1.11, 20000, 1)]"
,BookList
0,"[(1.06, 90000, 2), (1.07, 140000, 3), (1.08, 20000, 1)],1.08333,[(1.09, 40000, 1), (1.1, 150000, 3), (1.11, 20000, 1)]"
,BookList
0,"[(1.06, 90000, 2), (1.07, 140000, 3), (1.08, 100000, 2)],1.08714,[(1.09, 40000, 1), (1.1, 150000, 3), (1.11, 20000, 1)]"
,BookList
0,"[(1.06, 90000, 2), (1.07, 140000, 3), (1.08, 100000, 2)],1.08714,[(1.09, 40000, 1), (1.1, 150000, 3), (1.11, 20000, 1)]"
,BookList
0,"[(1.06, 90000, 2), (1.07, 140000, 3), (1.08, 50000, 1)],1.08556,[(1.09, 40000, 1), (1.1, 150000, 3), (1.11, 20000, 1)]"
,price,volume,type,time
0,1.08,50000,SELL,2018-11-16 14:42:21
,BookList
0,"[(1.05, 50000, 2), (1.06, 90000, 2), (1.07, 140000, 3)],1.08556,[(1.09, 40000, 1), (1.1, 150000, 3), (1.11, 20000, 1)]"
,price,volume,type,time
0,1.08,50000,SELL,2018-11-16 14:42:42
,BookList
0,"[(1.05, 50000, 2), (1.06, 90000, 2), (1.07, 140000, 3)],1.08333,[(1.09, 70000, 2), (1.1, 150000, 3), (1.11, 20000, 1)]"
,BookList
0,"[(1.05, 50000, 2), (1.06, 90000, 2), (1.07, 140000, 3)],1.07875,[(1.08, 20000, 1), (1.09, 70000, 2), (1.1, 150000, 3)]"
,BookList
0,"[(1.06, 90000, 2), (1.07, 140000, 3), (1.08, 100000, 1)],1.08588,[(1.09, 70000, 2), (1.1, 150000, 3), (1.11, 20000, 1)]"
,price,volume,type,time
0,1.08,20000,BUY,2018-11-16 14:43:00
,BookList
0,"[(1.06, 90000, 2), (1.07, 140000, 3), (1.08, 100000, 1)],1.08714,[(1.09, 40000, 1), (1.1, 150000, 3), (1.11, 20000, 1)]"
,BookList
0,"[(1.05, 50000, 2), (1.06, 90000, 2), (1.07, 140000, 3)],1.08556,[(1.09, 40000, 1), (1.1, 150000, 3), (1.11, 20000, 1)]"
,price,volume,type,time
0,1.08,100000,SELL,2018-11-16 14:43:15
,BookList
0,"[(1.05, 50000, 2), (1.06, 90000, 2), (1.07, 140000, 3)],1.07583,[(1.08, 100000, 1), (1.09, 40000, 1), (1.1, 150000, 3)]"
,BookList
0,"[(1.05, 50000, 2), (1.06, 90000, 2), (1.07, 110000, 2)],1.07524,[(1.08, 100000, 1), (1.09, 40000, 1), (1.1, 150000, 3)]"
,price,volume,type,time
0,1.07,30000,SELL,2018-11-16 14:43:32
,BookList
0,"[(1.05, 50000, 2), (1.06, 90000, 2), (1.07, 70000, 1)],1.07412,[(1.08, 100000, 1), (1.09, 40000, 1), (1.1, 150000, 3)]"
,price,volume,type,time
0,1.07,40000,SELL,2018-11-16 14:43:36
,BookList
0,"[(1.05, 50000, 2), (1.06, 90000, 2), (1.07, 50000, 1)],1.07333,[(1.08, 100000, 1), (1.09, 40000, 1), (1.1, 150000, 3)]"
,price,volume,type,time
0,1.07,20000,SELL,2018-11-16 14:43:37
,BookList
0,"[(1.04, 100000, 2), (1.05, 50000, 2), (1.06, 90000, 2)],1.06947,[(1.08, 100000, 1), (1.09, 40000, 1), (1.1, 150000, 3)]"
,price,volume,type,time
0,1.07,50000,SELL,2018-11-16 14:43:53
,BookList
0,"[(1.04, 100000, 2), (1.05, 50000, 2), (1.06, 90000, 2)],1.06643,[(1.07, 50000, 1), (1.08, 100000, 1), (1.09, 40000, 1)]"
,BookList
0,"[(1.04, 100000, 2), (1.05, 50000, 2), (1.06, 90000, 2)],1.06643,[(1.07, 50000, 1), (1.08, 0, 0), (1.09, 40000, 1)]"
,BookList
0,"[(1.04, 100000, 2), (1.05, 50000, 2), (1.06, 40000, 1)],1.075,[(1.09, 40000, 1), (1.1, 150000, 3), (1.11, 20000, 1)]"
,price,volume,type,time
0,1.06,50000,SELL,2018-11-16 14:44:17
,BookList
0,"[(1.04, 100000, 2), (1.05, 50000, 2), (1.06, 20000, 1)],1.07,[(1.09, 40000, 1), (1.1, 150000, 3), (1.11, 20000, 1)]"
,price,volume,type,time
0,1.06,20000,SELL,2018-11-16 14:44:53
,BookList
0,"[(1.03, 120000, 2), (1.04, 100000, 2), (1.05, 50000, 2)],1.07222,[(1.09, 40000, 1), (1.1, 150000, 3), (1.11, 20000, 1)]"
,price,volume,type,time
0,1.06,20000,SELL,2018-11-16 14:45:17
,BookList
0,"[(1.04, 100000, 2), (1.05, 50000, 2), (1.06, 10000, 1)],1.066,[(1.09, 40000, 1), (1.1, 150000, 3), (1.11, 20000, 1)]"
,BookList
0,"[(1.03, 120000, 2), (1.04, 100000, 2), (1.05, 40000, 2)],1.07,[(1.09, 40000, 1), (1.1, 150000, 3), (1.11, 20000, 1)]"
,price,volume,type,time
0,1.06,10000,SELL,2018-11-16 14:45:45
1,1.05,10000,SELL,2018-11-16 14:45:45
,BookList
0,"[(1.03, 120000, 2), (1.04, 100000, 2), (1.05, 40000, 2)],1.07,[(1.09, 40000, 1), (1.1, 150000, 3), (1.11, 20000, 1)]"
,BookList
0,"[(1.03, 120000, 2), (1.04, 110000, 3), (1.05, 40000, 2)],1.07,[(1.09, 40000, 1), (1.1, 150000, 3), (1.11, 20000, 1)]"
,BookList
0,"[(1.03, 120000, 2), (1.04, 110000, 3), (1.05, 40000, 2)],1.07,[(1.09, 40000, 1), (1.1, 150000, 3), (1.11, 20000, 1)]"
,BookList
0,"[(1.03, 120000, 2), (1.04, 110000, 3), (1.05, 40000, 2)],1.07,[(1.08, 20000, 1), (1.09, 40000, 1), (1.1, 150000, 3)]"
,BookList
0,"[(1.03, 120000, 2), (1.04, 110000, 3), (1.05, 40000, 2)],1.07,[(1.08, 20000, 1), (1.09, 40000, 1), (1.1, 150000, 3)]"
,BookList
0,"[(1.03, 120000, 2), (1.04, 110000, 3), (1.05, 30000, 2)],1.068,[(1.08, 20000, 1), (1.09, 40000, 1), (1.1, 150000, 3)]"
,price,volume,type,time
0,1.05,10000,SELL,2018-11-16 14:47:12
,BookList
0,"[(1.03, 120000, 2), (1.04, 100000, 2), (1.05, 40000, 3)],1.07,[(1.08, 20000, 1), (1.09, 40000, 1), (1.1, 150000, 3)]"
,BookList
0,"[(1.03, 120000, 2), (1.04, 100000, 2), (1.05, 40000, 3)],1.07,[(1.08, 20000, 1), (1.09, 40000, 1), (1.1, 150000, 3)]"
,BookList
0,"[(1.03, 120000, 2), (1.04, 100000, 2), (1.05, 40000, 3)],1.07,[(1.08, 20000, 1), (1.09, 40000, 1), (1.1, 150000, 3)]"
,BookList
0,"[(1.02, 70000, 3), (1.03, 120000, 2), (1.04, 100000, 2)],1.07333,[(1.08, 20000, 1), (1.09, 40000, 1), (1.1, 150000, 3)]"
,price,volume,type,time
0,1.05,40000,SELL,2018-11-16 14:48:17
,BookList
0,"[(1.03, 120000, 2), (1.04, 100000, 2), (1.05, 10000, 1)],1.06,[(1.08, 20000, 1), (1.09, 40000, 1), (1.1, 150000, 3)]"
,BookList
0,"[(1.03, 120000, 2), (1.04, 100000, 2), (1.05, 40000, 2)],1.07,[(1.08, 20000, 1), (1.09, 40000, 1), (1.1, 150000, 3)]"
,BookList
0,"[(1.03, 120000, 2), (1.04, 100000, 2), (1.05, 40000, 2)],1.07,[(1.08, 20000, 1), (1.09, 70000, 2), (1.1, 150000, 3)]"
,BookList
0,"[(1.03, 120000, 2), (1.04, 100000, 2), (1.05, 40000, 2)],1.07,[(1.08, 20000, 1), (1.09, 70000, 2), (1.1, 150000, 3)]"
,BookList
0,"[(1.03, 120000, 2), (1.04, 100000, 2), (1.05, 40000, 2)],1.05211,[(1.06, 150000, 1), (1.07, 0, 0), (1.08, 20000, 1)]"
,BookList
0,"[(1.03, 120000, 2), (1.04, 100000, 2), (1.05, 40000, 2)],1.05118,[(1.06, 300000, 2), (1.07, 0, 0), (1.08, 20000, 1)]"
,BookList
0,"[(1.03, 120000, 2), (1.04, 100000, 2), (1.05, 40000, 2)],1.05075,[(1.06, 490000, 3), (1.07, 0, 0), (1.08, 20000, 1)]"
,BookList
0,"[(1.03, 120000, 2), (1.04, 100000, 2), (1.05, 40000, 2)],1.05051,[(1.06, 740000, 5), (1.07, 0, 0), (1.08, 20000, 1)]"
,BookList
0,"[(1.03, 120000, 2), (1.04, 100000, 2), (1.05, 40000, 2)],1.05045,[(1.06, 840000, 6), (1.07, 0, 0), (1.08, 20000, 1)]"
,BookList
0,"[(1.03, 120000, 2), (1.04, 100000, 2), (1.05, 40000, 2)],1.05041,[(1.06, 940000, 7), (1.07, 0, 0), (1.08, 20000, 1)]"
,BookList
0,"[(1.03, 120000, 2), (1.04, 100000, 2), (1.05, 40000, 2)],1.05037,[(1.06, 1040000, 8), (1.07, 0, 0), (1.08, 20000, 1)]"
,BookList
0,"[(1.03, 120000, 2), (1.04, 100000, 2), (1.05, 40000, 2)],1.05069,[(1.06, 540000, 5), (1.07, 0, 0), (1.08, 20000, 1)]"
,price,volume,type,time
0,1.06,500000,BUY,2018-11-16 14:50:24
,BookList
0,"[(1.03, 120000, 2), (1.04, 100000, 2), (1.05, 40000, 2)],1.05082,[(1.06, 450000, 4), (1.07, 0, 0), (1.08, 20000, 1)]"
,price,volume,type,time
0,1.06,90000,BUY,2018-11-16 14:50:26
,BookList
0,"[(1.04, 100000, 2), (1.05, 40000, 2), (1.06, 550000, 1)],1.0793,[(1.08, 20000, 1), (1.09, 70000, 2), (1.1, 150000, 3)]"
,price,volume,type,time
0,1.06,450000,BUY,2018-11-16 14:50:27
,BookList
0,"[(1.04, 100000, 2), (1.05, 40000, 2), (1.06, 50000, 1)],1.07429,[(1.08, 20000, 1), (1.09, 70000, 2), (1.1, 150000, 3)]"
,price,volume,type,time
0,1.06,500000,SELL,2018-11-16 14:50:30
,BookList
0,"[(1.04, 100000, 2), (1.05, 40000, 2), (1.06, 50000, 1)],1.07429,[(1.08, 20000, 1), (1.09, 30000, 1), (1.1, 150000, 3)]"
,BookList
0,"[(1.04, 100000, 2), (1.05, 40000, 2), (1.06, 50000, 1)],1.06833,[(1.08, 70000, 2), (1.09, 30000, 1), (1.1, 150000, 3)]"
,BookList
0,"[(1.04, 50000, 1), (1.05, 40000, 2), (1.06, 50000, 1)],1.06833,[(1.08, 70000, 2), (1.09, 30000, 1), (1.1, 150000, 3)]"
,BookList
0,"[(1.03, 120000, 2), (1.04, 50000, 1), (1.05, 40000, 2)],1.06091,[(1.08, 70000, 2), (1.09, 30000, 1), (1.1, 150000, 3)]"
,price,volume,type,time
0,1.06,50000,SELL,2018-11-16 14:51:13
,BookList
0,"[(1.03, 120000, 2), (1.04, 50000, 1), (1.05, 40000, 2)],1.06091,[(1.08, 70000, 2), (1.09, 30000, 1), (1.1, 150000, 3)]"
,BookList
0,"[(1.03, 120000, 2), (1.04, 50000, 1), (1.05, 50000, 3)],1.0625,[(1.08, 70000, 2), (1.09, 30000, 1), (1.1, 150000, 3)]"
,BookList
0,"[(1.03, 120000, 2), (1.04, 50000, 1), (1.05, 50000, 3)],1.0625,[(1.08, 70000, 2), (1.09, 30000, 1), (1.1, 150000, 3)]"
,BookList
0,"[(1.03, 120000, 2), (1.04, 50000, 1), (1.05, 100000, 4)],1.06765,[(1.08, 70000, 2), (1.09, 30000, 1), (1.1, 150000, 3)]"
,BookList
0,"[(1.04, 50000, 1), (1.05, 100000, 4), (1.06, 50000, 1)],1.06833,[(1.08, 70000, 2), (1.09, 30000, 1), (1.1, 150000, 3)]"
,BookList
0,"[(1.05, 100000, 4), (1.06, 50000, 1), (1.07, 10000, 1)],1.07125,[(1.08, 70000, 2), (1.09, 30000, 1), (1.1, 150000, 3)]"
,BookList
0,"[(1.05, 100000, 4), (1.06, 60000, 2), (1.07, 10000, 1)],1.07125,[(1.08, 70000, 2), (1.09, 30000, 1), (1.1, 150000, 3)]"
,BookList
0,"[(1.05, 100000, 4), (1.06, 60000, 2), (1.07, 10000, 1)],1.07125,[(1.08, 70000, 2), (1.09, 30000, 1), (1.1, 150000, 3)]"
,BookList
0,"[(1.05, 100000, 4), (1.06, 60000, 2), (1.07, 10000, 1)],1.07125,[(1.08, 70000, 2), (1.09, 30000, 1), (1.1, 150000, 3)]"
,BookList
0,"[(1.05, 100000, 4), (1.06, 60000, 2), (1.07, 10000, 1)],1.07125,[(1.08, 70000, 2), (1.09, 30000, 1), (1.1, 200000, 4)]"
,BookList
0,"[(1.05, 70000, 3), (1.06, 60000, 2), (1.07, 40000, 2)],1.07364,[(1.08, 70000, 2), (1.09, 30000, 1), (1.1, 200000, 4)]"
,BookList
0,"[(1.05, 20000, 2), (1.06, 60000, 2), (1.07, 40000, 2)],1.07364,[(1.08, 70000, 2), (1.09, 30000, 1), (1.1, 200000, 4)]"
,BookList
0,"[(1.05, 20000, 2), (1.06, 60000, 2), (1.07, 40000, 2)],1.07364,[(1.08, 70000, 2), (1.09, 20000, 1), (1.1, 200000, 4)]"
,BookList
0,"[(1.05, 20000, 2), (1.06, 60000, 2), (1.07, 40000, 2)],1.07364,[(1.08, 70000, 2), (1.09, 20000, 1), (1.1, 200000, 4)]"
,BookList
0,"[(1.05, 20000, 2), (1.06, 60000, 2), (1.07, 40000, 2)],1.07364,[(1.08, 70000, 2), (1.09, 20000, 1), (1.1, 200000, 4)]"
,BookList
0,"[(1.04, 100000, 2), (1.05, 20000, 2), (1.06, 60000, 2)],1.06923,[(1.08, 70000, 2), (1.09, 20000, 1), (1.1, 200000, 4)]"
,price,volume,type,time
0,1.07,40000,SELL,2018-11-16 14:54:49
,BookList
0,"[(1.05, 20000, 2), (1.06, 60000, 2), (1.07, 100000, 1)],1.07588,[(1.08, 70000, 2), (1.09, 20000, 1), (1.1, 200000, 4)]"
,BookList
0,"[(1.05, 70000, 3), (1.06, 60000, 2), (1.07, 100000, 1)],1.07588,[(1.08, 70000, 2), (1.09, 20000, 1), (1.1, 200000, 4)]"
,BookList
0,"[(1.05, 70000, 3), (1.06, 60000, 2), (1.07, 110000, 2)],1.07611,[(1.08, 70000, 2), (1.09, 20000, 1), (1.1, 200000, 4)]"
,BookList
0,"[(1.05, 70000, 3), (1.06, 10000, 1), (1.07, 110000, 2)],1.08692,[(1.09, 20000, 1), (1.1, 200000, 4), (1.11, 40000, 2)]"
,price,volume,type,time
0,1.08,50000,BUY,2018-11-16 14:56:54
1,1.08,20000,BUY,2018-11-16 14:56:54
,BookList
0,"[(1.06, 10000, 1), (1.07, 110000, 2), (1.08, 50000, 1)],1.08714,[(1.09, 20000, 1), (1.1, 200000, 4), (1.11, 40000, 2)]"
,BookList
0,"[(1.06, 10000, 1), (1.07, 110000, 2), (1.08, 50000, 1)],1.084,[(1.1, 200000, 4), (1.11, 40000, 2), (1.12, 90000, 3)]"
,price,volume,type,time
0,1.09,20000,BUY,2018-11-16 14:57:13
,BookList
0,"[(1.06, 60000, 2), (1.07, 110000, 2), (1.08, 50000, 1)],1.084,[(1.1, 200000, 4), (1.11, 40000, 2), (1.12, 90000, 3)]"
,BookList
0,"[(1.05, 70000, 3), (1.06, 60000, 2), (1.07, 110000, 2)],1.08065,[(1.1, 200000, 4), (1.11, 40000, 2), (1.12, 90000, 3)]"
,price,volume,type,time
0,1.08,50000,SELL,2018-11-16 14:57:30
,BookList
0,"[(1.05, 70000, 3), (1.06, 110000, 3), (1.07, 110000, 2)],1.08065,[(1.1, 200000, 4), (1.11, 40000, 2), (1.12, 90000, 3)]"
,BookList
0,"[(1.05, 80000, 4), (1.06, 110000, 3), (1.07, 110000, 2)],1.08065,[(1.1, 200000, 4), (1.11, 40000, 2), (1.12, 90000, 3)]"
,BookList
0,"[(1.06, 110000, 3), (1.07, 110000, 2), (1.08, 10000, 1)],1.08095,[(1.1, 200000, 4), (1.11, 40000, 2), (1.12, 90000, 3)]"
,BookList
0,"[(1.06, 110000, 3), (1.07, 110000, 2), (1.08, 10000, 1)],1.08095,[(1.1, 200000, 4), (1.11, 40000, 2), (1.12, 90000, 3)]"
,BookList
0,"[(1.06, 110000, 3), (1.07, 110000, 2), (1.08, 20000, 2)],1.08182,[(1.1, 200000, 4), (1.11, 40000, 2), (1.12, 90000, 3)]"
,BookList
0,"[(1.06, 110000, 3), (1.07, 110000, 2), (1.08, 120000, 3)],1.0875,[(1.1, 200000, 4), (1.11, 40000, 2), (1.12, 90000, 3)]"
,BookList
0,"[(1.07, 110000, 2), (1.08, 120000, 3), (1.09, 10000, 1)],1.09048,[(1.1, 200000, 4), (1.11, 40000, 2), (1.12, 90000, 3)]"
,BookList
0,"[(1.05, 70000, 3), (1.06, 110000, 3), (1.07, 40000, 2)],1.075,[(1.1, 200000, 4), (1.11, 40000, 2), (1.12, 90000, 3)]"
,price,volume,type,time
0,1.09,10000,SELL,2018-11-16 15:00:41
1,1.08,120000,SELL,2018-11-16 15:00:41
2,1.07,70000,SELL,2018-11-16 15:00:41
,BookList
0,"[(1.06, 110000, 3), (1.07, 40000, 2), (1.08, 20000, 1)],1.08182,[(1.1, 200000, 4), (1.11, 40000, 2), (1.12, 90000, 3)]"
,BookList
0,"[(1.06, 110000, 3), (1.07, 50000, 3), (1.08, 20000, 1)],1.08182,[(1.1, 200000, 4), (1.11, 40000, 2), (1.12, 90000, 3)]"
,BookList
0,"[(1.07, 50000, 3), (1.08, 20000, 1), (1.09, 10000, 1)],1.09048,[(1.1, 200000, 4), (1.11, 40000, 2), (1.12, 90000, 3)]"
,BookList
0,"[(1.06, 110000, 3), (1.07, 50000, 3), (1.08, 20000, 1)],1.08182,[(1.1, 200000, 4), (1.11, 40000, 2), (1.12, 90000, 3)]"
,price,volume,type,time
0,1.09,10000,SELL,2018-11-16 15:00:58
,BookList
0,"[(1.06, 110000, 3), (1.07, 50000, 3), (1.08, 20000, 1)],1.084,[(1.09, 30000, 1), (1.1, 200000, 4), (1.11, 40000, 2)]"
,BookList
0,"[(1.06, 110000, 3), (1.07, 50000, 3), (1.08, 20000, 1)],1.084,[(1.09, 30000, 1), (1.1, 200000, 4), (1.11, 40000, 2)]"
,BookList
0,"[(1.06, 110000, 3), (1.07, 50000, 3), (1.08, 70000, 2)],1.087,[(1.09, 30000, 1), (1.1, 200000, 4), (1.11, 40000, 2)]"
,BookList
0,"[(1.06, 110000, 3), (1.07, 50000, 3), (1.08, 70000, 2)],1.087,[(1.09, 30000, 1), (1.1, 280000, 5), (1.11, 40000, 2)]"
,BookList
0,"[(1.06, 110000, 3), (1.07, 50000, 3), (1.08, 70000, 2)],1.084,[(1.1, 280000, 5), (1.11, 40000, 2), (1.12, 120000, 4)]"
,BookList
0,"[(1.06, 110000, 3), (1.07, 50000, 3), (1.08, 70000, 2)],1.08389,[(1.1, 290000, 6), (1.11, 40000, 2), (1.12, 120000, 4)]"
,BookList
0,"[(1.06, 110000, 3), (1.07, 50000, 3), (1.08, 50000, 1)],1.08294,[(1.1, 290000, 6), (1.11, 40000, 2), (1.12, 120000, 4)]"
,BookList
0,"[(1.06, 110000, 3), (1.07, 50000, 3), (1.08, 50000, 1)],1.08294,[(1.1, 290000, 6), (1.11, 40000, 2), (1.12, 120000, 4)]"
,BookList
0,"[(1.07, 50000, 3), (1.08, 50000, 1), (1.09, 10000, 1)],1.09033,[(1.1, 290000, 6), (1.11, 40000, 2), (1.12, 120000, 4)]"
,BookList
0,"[(1.06, 110000, 3), (1.07, 50000, 3), (1.08, 50000, 1)],1.08294,[(1.1, 290000, 6), (1.11, 40000, 2), (1.12, 120000, 4)]"
,price,volume,type,time
0,1.09,10000,SELL,2018-11-16 15:04:25
,BookList
0,"[(1.06, 110000, 3), (1.07, 50000, 3), (1.08, 50000, 1)],1.08294,[(1.1, 290000, 6), (1.11, 40000, 2), (1.12, 120000, 4)]"
,BookList
0,"[(1.06, 110000, 3), (1.07, 150000, 4), (1.08, 50000, 1)],1.08294,[(1.1, 290000, 6), (1.11, 40000, 2), (1.12, 120000, 4)]"
,BookList
0,"[(1.06, 110000, 3), (1.07, 150000, 4), (1.08, 50000, 1)],1.08833,[(1.09, 10000, 1), (1.1, 290000, 6), (1.11, 40000, 2)]"
,BookList
0,"[(1.06, 110000, 3), (1.07, 140000, 3), (1.08, 50000, 1)],1.08294,[(1.1, 290000, 6), (1.11, 40000, 2), (1.12, 120000, 4)]"
,price,volume,type,time
0,1.09,10000,BUY,2018-11-16 15:05:01
,BookList
0,"[(1.06, 100000, 2), (1.07, 140000, 3), (1.08, 50000, 1)],1.08294,[(1.1, 290000, 6), (1.11, 40000, 2), (1.12, 120000, 4)]"
,BookList
0,"[(1.07, 110000, 2), (1.08, 50000, 1), (1.09, 30000, 1)],1.09094,[(1.1, 290000, 6), (1.11, 40000, 2), (1.12, 120000, 4)]"
,BookList
0,"[(1.07, 110000, 2), (1.08, 50000, 1), (1.09, 30000, 1)],1.09103,[(1.1, 260000, 6), (1.11, 40000, 2), (1.12, 120000, 4)]"
,price,volume,type,time
0,1.1,30000,BUY,2018-11-16 15:07:54
,BookList
0,"[(1.07, 10000, 1), (1.08, 50000, 1), (1.09, 30000, 1)],1.09103,[(1.1, 260000, 6), (1.11, 40000, 2), (1.12, 120000, 4)]"
,BookList
0,"[(1.07, 10000, 1), (1.08, 50000, 1), (1.09, 30000, 1)],1.09103,[(1.1, 260000, 6), (1.11, 40000, 2), (1.12, 120000, 4)]"
,BookList
0,"[(1.07, 10000, 1), (1.08, 50000, 1), (1.09, 30000, 1)],1.09143,[(1.1, 180000, 5), (1.11, 40000, 2), (1.12, 120000, 4)]"
,BookList
0,"[(1.07, 10000, 1), (1.08, 50000, 1), (1.09, 30000, 1)],1.09103,[(1.1, 260000, 6), (1.11, 40000, 2), (1.12, 120000, 4)]"
,BookList
0,"[(1.07, 10000, 1), (1.08, 50000, 1), (1.09, 30000, 1)],1.09111,[(1.1, 240000, 5), (1.11, 40000, 2), (1.12, 120000, 4)]"
,price,volume,type,time
0,1.1,20000,BUY,2018-11-16 15:11:49
,BookList
0,"[(1.07, 10000, 1), (1.08, 50000, 1), (1.09, 30000, 1)],1.09111,[(1.1, 240000, 5), (1.11, 40000, 2), (1.12, 120000, 4)]"
,BookList
0,"[(1.07, 10000, 1), (1.08, 50000, 1), (1.09, 30000, 1)],1.09111,[(1.1, 240000, 5), (1.11, 40000, 2), (1.12, 120000, 4)]"
,BookList
0,"[(1.07, 10000, 1), (1.08, 50000, 1), (1.09, 30000, 1)],1.09158,[(1.1, 160000, 4), (1.11, 40000, 2), (1.12, 120000, 4)]"
,BookList
0,"[(1.07, 10000, 1), (1.08, 50000, 1), (1.09, 30000, 1)],1.09158,[(1.1, 160000, 4), (1.11, 40000, 2), (1.12, 90000, 3)]"
,BookList
0,"[(1.07, 10000, 1), (1.08, 50000, 1), (1.09, 30000, 1)],1.09158,[(1.1, 160000, 4), (1.11, 40000, 2), (1.12, 130000, 4)]"
,BookList
0,"[(1.07, 10000, 1), (1.08, 50000, 1), (1.09, 30000, 1)],1.09158,[(1.1, 160000, 4), (1.11, 40000, 2), (1.12, 90000, 3)]"
,BookList
0,"[(1.07, 10000, 1), (1.08, 50000, 1), (1.09, 30000, 1)],1.09111,[(1.1, 240000, 5), (1.11, 40000, 2), (1.12, 90000, 3)]"
,BookList
0,"[(1.07, 10000, 1), (1.08, 50000, 1), (1.09, 30000, 1)],1.09107,[(1.1, 250000, 6), (1.11, 40000, 2), (1.12, 80000, 2)]"
,BookList
0,"[(1.07, 10000, 1), (1.08, 50000, 1), (1.09, 30000, 1)],1.09375,[(1.1, 50000, 2), (1.11, 40000, 2), (1.12, 80000, 2)]"
,price,volume,type,time
0,1.1,200000,BUY,2018-11-16 15:15:04
,BookList
0,"[(1.07, 10000, 1), (1.08, 50000, 1), (1.09, 30000, 1)],1.09375,[(1.1, 50000, 2), (1.11, 40000, 2), (1.12, 120000, 3)]"
,BookList
0,"[(1.07, 20000, 2), (1.08, 50000, 1), (1.09, 30000, 1)],1.09375,[(1.1, 50000, 2), (1.11, 40000, 2), (1.12, 120000, 3)]"
,BookList
0,"[(1.07, 20000, 2), (1.08, 50000, 1), (1.09, 30000, 1)],1.09429,[(1.1, 40000, 2), (1.11, 40000, 2), (1.12, 120000, 3)]"
,price,volume,type,time
0,1.1,10000,BUY,2018-11-16 15:17:36
,BookList
0,"[(1.07, 20000, 2), (1.08, 50000, 1), (1.09, 30000, 1)],1.095,[(1.1, 30000, 2), (1.11, 40000, 2), (1.12, 120000, 3)]"
,price,volume,type,time
0,1.1,10000,BUY,2018-11-16 15:17:44
,BookList
0,"[(1.07, 20000, 2), (1.08, 50000, 1), (1.09, 30000, 1)],1.09188,[(1.1, 130000, 3), (1.11, 40000, 2), (1.12, 120000, 3)]"
,BookList
0,"[(1.07, 20000, 2), (1.08, 50000, 1), (1.09, 30000, 1)],1.09188,[(1.1, 130000, 3), (1.11, 40000, 2), (1.12, 120000, 3)]"
,BookList
0,"[(1.07, 20000, 2), (1.08, 50000, 1), (1.09, 30000, 1)],1.09188,[(1.1, 130000, 3), (1.11, 40000, 2), (1.12, 120000, 3)]"
,BookList
0,"[(1.07, 10000, 1), (1.08, 50000, 1), (1.09, 30000, 1)],1.09188,[(1.1, 130000, 3), (1.11, 40000, 2), (1.12, 120000, 3)]"
,BookList
0,"[(1.07, 10000, 1), (1.08, 50000, 1), (1.09, 30000, 1)],1.09188,[(1.1, 130000, 3), (1.11, 90000, 3), (1.12, 120000, 3)]"
,BookList
0,"[(1.07, 10000, 1), (1.08, 50000, 1), (1.09, 30000, 1)],1.09214,[(1.1, 110000, 2), (1.11, 90000, 3), (1.12, 120000, 3)]"
,BookList
0,"[(1.07, 10000, 1), (1.08, 50000, 1), (1.09, 30000, 1)],1.09188,[(1.1, 130000, 3), (1.11, 90000, 3), (1.12, 120000, 3)]"
,BookList
0,"[(1.06, 100000, 2), (1.07, 10000, 1), (1.08, 50000, 1)],1.08556,[(1.1, 130000, 3), (1.11, 90000, 3), (1.12, 120000, 3)]"
,price,volume,type,time
0,1.09,30000,SELL,2018-11-16 15:25:08
,BookList
0,"[(1.06, 100000, 2), (1.07, 10000, 1), (1.08, 50000, 1)],1.08714,[(1.09, 20000, 1), (1.1, 110000, 2), (1.11, 90000, 3)]"
,BookList
0,"[(1.06, 100000, 2), (1.07, 10000, 1), (1.08, 50000, 1)],1.08714,[(1.09, 20000, 1), (1.1, 160000, 3), (1.11, 40000, 2)]"
,BookList
0,"[(1.06, 100000, 2), (1.07, 10000, 1), (1.08, 50000, 1)],1.08417,[(1.09, 70000, 2), (1.1, 160000, 3), (1.11, 40000, 2)]"
,BookList
0,"[(1.06, 100000, 2), (1.07, 10000, 1), (1.08, 70000, 2)],1.085,[(1.09, 70000, 2), (1.1, 160000, 3), (1.11, 40000, 2)]"
,BookList
0,"[(1.06, 100000, 2), (1.07, 10000, 1), (1.08, 70000, 2)],1.08583,[(1.09, 50000, 1), (1.1, 160000, 3), (1.11, 40000, 2)]"
,BookList
0,"[(1.06, 100000, 2), (1.07, 10000, 1), (1.08, 70000, 2)],1.085,[(1.09, 70000, 2), (1.1, 160000, 3), (1.11, 40000, 2)]"
,BookList
0,"[(1.06, 100000, 2), (1.07, 10000, 1), (1.08, 70000, 2)],1.085,[(1.09, 70000, 2), (1.1, 170000, 4), (1.11, 40000, 2)]"
,BookList
0,"[(1.05, 10000, 1), (1.06, 100000, 2), (1.07, 10000, 1)],1.0725,[(1.09, 70000, 2), (1.1, 170000, 4), (1.11, 40000, 2)]"
,price,volume,type,time
0,1.08,70000,SELL,2018-11-16 15:28:40
,BookList
0,"[(1.05, 10000, 1), (1.06, 100000, 2), (1.07, 10000, 1)],1.07167,[(1.08, 50000, 1), (1.09, 70000, 2), (1.1, 170000, 4)]"
,BookList
0,"[(1.05, 10000, 1), (1.06, 100000, 2), (1.07, 10000, 1)],1.07125,[(1.08, 70000, 2), (1.09, 50000, 1), (1.1, 170000, 4)]"
,BookList
0,"[(1.04, 100000, 2), (1.05, 10000, 1), (1.06, 100000, 2)],1.07176,[(1.08, 70000, 2), (1.09, 50000, 1), (1.1, 170000, 4)]"
,price,volume,type,time
0,1.07,10000,SELL,2018-11-16 15:29:18
,BookList
0,"[(1.05, 10000, 1), (1.06, 100000, 2), (1.07, 10000, 1)],1.07125,[(1.08, 70000, 2), (1.09, 50000, 1), (1.1, 170000, 4)]"
,BookList
0,"[(1.04, 100000, 2), (1.05, 10000, 1), (1.06, 100000, 2)],1.06256,[(1.07, 290000, 1), (1.08, 70000, 2), (1.09, 50000, 1)]"
,price,volume,type,time
0,1.07,10000,SELL,2018-11-16 15:29:39
,BookList
0,"[(1.04, 100000, 2), (1.05, 10000, 1), (1.06, 100000, 2)],1.06256,[(1.07, 290000, 1), (1.08, 80000, 3), (1.09, 50000, 1)]"
,BookList
0,"[(1.05, 10000, 1), (1.06, 100000, 2), (1.07, 210000, 1)],1.07724,[(1.08, 80000, 3), (1.09, 50000, 1), (1.1, 170000, 4)]"
,price,volume,type,time
0,1.07,290000,BUY,2018-11-16 15:29:45
,BookList
0,"[(1.05, 10000, 1), (1.06, 100000, 2), (1.07, 10000, 1)],1.07111,[(1.08, 80000, 3), (1.09, 50000, 1), (1.1, 170000, 4)]"
,price,volume,type,time
0,1.07,200000,SELL,2018-11-16 15:29:47
,BookList
0,"[(1.04, 100000, 2), (1.05, 10000, 1), (1.06, 100000, 2)],1.06909,[(1.07, 10000, 1), (1.08, 80000, 3), (1.09, 50000, 1)]"
,price,volume,type,time
0,1.07,10000,SELL,2018-11-16 15:29:49
,BookList
0,"[(1.04, 100000, 2), (1.05, 10000, 1), (1.06, 100000, 2)],1.06909,[(1.07, 10000, 1), (1.08, 80000, 3), (1.09, 50000, 1)]"
,BookList
0,"[(1.04, 100000, 2), (1.05, 10000, 1), (1.06, 100000, 2)],1.06909,[(1.07, 10000, 1), (1.08, 80000, 3), (1.09, 50000, 1)]"
,BookList
0,"[(1.04, 100000, 2), (1.05, 10000, 1), (1.06, 100000, 2)],1.06769,[(1.07, 30000, 2), (1.08, 60000, 2), (1.09, 50000, 1)]"
,BookList
0,"[(1.04, 100000, 2), (1.05, 10000, 1), (1.06, 100000, 2)],1.06714,[(1.07, 40000, 3), (1.08, 60000, 2), (1.09, 50000, 1)]"
,BookList
0,"[(1.04, 100000, 2), (1.05, 10000, 1), (1.06, 100000, 2)],1.06909,[(1.07, 10000, 1), (1.08, 60000, 2), (1.09, 50000, 1)]"
,price,volume,type,time
0,1.07,30000,BUY,2018-11-16 15:30:18
,BookList
0,"[(1.04, 100000, 2), (1.05, 10000, 1), (1.06, 20000, 1)],1.06667,[(1.07, 10000, 1), (1.08, 60000, 2), (1.09, 50000, 1)]"
,price,volume,type,time
0,1.06,80000,SELL,2018-11-16 15:30:28
,BookList
0,"[(1.04, 100000, 2), (1.05, 10000, 1), (1.06, 20000, 1)],1.06667,[(1.07, 10000, 1), (1.08, 60000, 2), (1.09, 0, 0)]"
,BookList
0,"[(1.03, 190000, 4), (1.04, 100000, 2), (1.05, 10000, 1)],1.06,[(1.07, 10000, 1), (1.08, 60000, 2), (1.09, 0, 0)]"
,price,volume,type,time
0,1.06,20000,SELL,2018-11-16 15:31:02
,BookList
0,"[(1.03, 190000, 4), (1.04, 100000, 2), (1.05, 10000, 1)],1.06,[(1.07, 10000, 1), (1.08, 60000, 2), (1.09, 0, 0)]"
,BookList
0,"[(1.03, 190000, 4), (1.04, 100000, 2), (1.05, 10000, 1)],1.055,[(1.06, 10000, 1), (1.07, 10000, 1), (1.08, 60000, 2)]"
,BookList
0,"[(1.03, 190000, 4), (1.04, 100000, 2), (1.05, 120000, 2)],1.05923,[(1.06, 10000, 1), (1.07, 10000, 1), (1.08, 60000, 2)]"
,BookList
0,"[(1.03, 190000, 4), (1.04, 100000, 2), (1.05, 120000, 2)],1.06846,[(1.07, 10000, 1), (1.08, 60000, 2), (1.09, 0, 0)]"
,price,volume,type,time
0,1.06,10000,BUY,2018-11-16 15:31:23
,BookList
0,"[(1.03, 190000, 4), (1.04, 100000, 2), (1.05, 120000, 2)],1.07,[(1.08, 60000, 2), (1.09, 0, 0), (1.1, 100000, 4)]"
,BookList
0,"[(1.03, 190000, 4), (1.04, 100000, 2), (1.05, 110000, 1)],1.06941,[(1.08, 60000, 2), (1.09, 0, 0), (1.1, 100000, 4)]"
,price,volume,type,time
0,1.05,10000,SELL,2018-11-16 15:31:57
,BookList
0,"[(1.04, 100000, 2), (1.05, 110000, 1), (1.06, 10000, 1)],1.06286,[(1.08, 60000, 2), (1.09, 0, 0), (1.1, 100000, 4)]"
,BookList
0,"[(1.04, 100000, 2), (1.05, 110000, 1), (1.06, 10000, 1)],1.06286,[(1.08, 60000, 2), (1.09, 10000, 1), (1.1, 100000, 4)]"
,BookList
0,"[(1.04, 100000, 2), (1.05, 110000, 1), (1.06, 10000, 1)],1.06286,[(1.08, 60000, 2), (1.09, 20000, 2), (1.1, 100000, 4)]"
,BookList
0,"[(1.04, 100000, 2), (1.05, 110000, 1), (1.06, 10000, 1)],1.06182,[(1.08, 100000, 3), (1.09, 20000, 2), (1.1, 100000, 4)]"
,BookList
0,"[(1.04, 100000, 2), (1.05, 110000, 1), (1.06, 10000, 1)],1.06182,[(1.08, 100000, 3), (1.09, 20000, 2), (1.1, 110000, 5)]"
,BookList
0,"[(1.04, 100000, 2), (1.05, 110000, 1), (1.06, 10000, 1)],1.06333,[(1.07, 20000, 1), (1.08, 100000, 3), (1.09, 20000, 2)]"
,BookList
0,"[(1.04, 100000, 2), (1.05, 110000, 1), (1.06, 60000, 2)],1.0675,[(1.07, 20000, 1), (1.08, 100000, 3), (1.09, 20000, 2)]"
,BookList
0,"[(1.03, 190000, 4), (1.04, 100000, 2), (1.05, 40000, 1)],1.06333,[(1.07, 20000, 1), (1.08, 100000, 3), (1.09, 20000, 2)]"
,price,volume,type,time
0,1.06,60000,SELL,2018-11-16 15:33:25
1,1.05,70000,NEUTRAL,2018-11-16 15:33:25
,BookList
0,"[(1.04, 100000, 2), (1.05, 40000, 1), (1.06, 20000, 1)],1.065,[(1.07, 20000, 1), (1.08, 100000, 3), (1.09, 20000, 2)]"
,BookList
0,"[(1.04, 100000, 2), (1.05, 40000, 1), (1.06, 20000, 1)],1.065,[(1.07, 20000, 1), (1.08, 100000, 3), (1.09, 20000, 2)]"
,BookList
0,"[(1.03, 190000, 4), (1.04, 100000, 2), (1.05, 40000, 1)],1.058,[(1.06, 10000, 1), (1.07, 20000, 1), (1.08, 100000, 3)]"
,price,volume,type,time
0,1.06,20000,SELL,2018-11-16 15:33:35
,BookList
0,"[(1.03, 190000, 4), (1.04, 100000, 2), (1.05, 40000, 1)],1.06333,[(1.07, 20000, 1), (1.08, 100000, 3), (1.09, 20000, 2)]"
,BookList
0,"[(1.02, 70000, 3), (1.03, 190000, 4), (1.04, 100000, 2)],1.065,[(1.07, 20000, 1), (1.08, 100000, 3), (1.09, 20000, 2)]"
,price,volume,type,time
0,1.05,40000,SELL,2018-11-16 15:33:48
,BookList
0,"[(1.02, 70000, 3), (1.03, 190000, 4), (1.04, 100000, 2)],1.06308,[(1.07, 30000, 2), (1.08, 100000, 3), (1.09, 20000, 2)]"
,BookList
0,"[(1.03, 190000, 4), (1.04, 100000, 2), (1.05, 10000, 1)],1.055,[(1.07, 30000, 2), (1.08, 100000, 3), (1.09, 20000, 2)]"
,BookList
0,"[(1.03, 190000, 4), (1.04, 100000, 2), (1.05, 10000, 1)],1.055,[(1.07, 30000, 2), (1.08, 100000, 3), (1.09, 20000, 2)]"
,BookList
0,"[(1.02, 70000, 3), (1.03, 190000, 4), (1.04, 100000, 2)],1.04625,[(1.05, 60000, 1), (1.06, 0, 0), (1.07, 30000, 2)]"
,price,volume,type,time
0,1.05,10000,SELL,2018-11-16 15:35:11
,BookList
0,"[(1.02, 70000, 3), (1.03, 190000, 4), (1.04, 100000, 2)],1.04625,[(1.05, 60000, 1), (1.06, 0, 0), (1.07, 30000, 2)]"
,BookList
0,"[(1.02, 70000, 3), (1.03, 190000, 4), (1.04, 100000, 2)],1.04667,[(1.05, 50000, 1), (1.06, 0, 0), (1.07, 30000, 2)]"
,price,volume,type,time
0,1.05,10000,BUY,2018-11-16 15:35:51
,BookList
0,"[(1.02, 70000, 3), (1.03, 190000, 4), (1.04, 110000, 3)],1.04688,[(1.05, 50000, 1), (1.06, 0, 0), (1.07, 30000, 2)]"
,BookList
0,"[(1.02, 70000, 3), (1.03, 190000, 4), (1.04, 110000, 3)],1.06357,[(1.07, 30000, 2), (1.08, 100000, 3), (1.09, 10000, 1)]"
,price,volume,type,time
0,1.05,50000,BUY,2018-11-16 15:36:07
,BookList
0,"[(1.03, 190000, 4), (1.04, 110000, 3), (1.05, 50000, 1)],1.0625,[(1.07, 30000, 2), (1.08, 100000, 3), (1.09, 10000, 1)]"
,BookList
0,"[(1.03, 190000, 4), (1.04, 110000, 3), (1.05, 90000, 2)],1.065,[(1.07, 30000, 2), (1.08, 100000, 3), (1.09, 10000, 1)]"
,BookList
0,"[(1.03, 190000, 4), (1.04, 110000, 3), (1.05, 90000, 2)],1.065,[(1.07, 30000, 2), (1.08, 120000, 4), (1.09, 10000, 1)]"
,BookList
0,"[(1.03, 190000, 4), (1.04, 110000, 3), (1.05, 90000, 2)],1.065,[(1.07, 30000, 2), (1.08, 120000, 4), (1.09, 10000, 1)]"
,BookList
0,"[(1.04, 110000, 3), (1.05, 90000, 2), (1.06, 80000, 1)],1.06727,[(1.07, 30000, 2), (1.08, 120000, 4), (1.09, 10000, 1)]"
,BookList
0,"[(1.04, 110000, 3), (1.05, 90000, 2), (1.06, 80000, 1)],1.06727,[(1.07, 30000, 2), (1.08, 120000, 4), (1.09, 20000, 2)]"
,BookList
0,"[(1.04, 110000, 3), (1.05, 130000, 3), (1.06, 80000, 1)],1.06727,[(1.07, 30000, 2), (1.08, 120000, 4), (1.09, 20000, 2)]"
,BookList
0,"[(1.04, 110000, 3), (1.05, 130000, 3), (1.06, 100000, 2)],1.06769,[(1.07, 30000, 2), (1.08, 120000, 4), (1.09, 20000, 2)]"
,BookList
0,"[(1.04, 110000, 3), (1.05, 130000, 3), (1.06, 100000, 2)],1.06909,[(1.07, 10000, 1), (1.08, 120000, 4), (1.09, 20000, 2)]"
,BookList
0,"[(1.04, 110000, 3), (1.05, 130000, 3), (1.06, 110000, 3)],1.06917,[(1.07, 10000, 1), (1.08, 120000, 4), (1.09, 20000, 2)]"
,BookList
0,"[(1.04, 110000, 3), (1.05, 130000, 3), (1.06, 100000, 2)],1.06909,[(1.08, 120000, 4), (1.09, 20000, 2), (1.1, 130000, 6)]"
,price,volume,type,time
0,1.07,10000,BUY,2018-11-16 15:37:59
,BookList
0,"[(1.04, 110000, 3), (1.05, 130000, 3), (1.06, 100000, 2)],1.06741,[(1.08, 170000, 5), (1.09, 20000, 2), (1.1, 80000, 5)]"
,BookList
0,"[(1.04, 110000, 3), (1.05, 130000, 3), (1.06, 100000, 2)],1.06741,[(1.08, 170000, 5), (1.09, 20000, 2), (1.1, 80000, 5)]"
,BookList
0,"[(1.04, 110000, 3), (1.05, 130000, 3), (1.06, 100000, 2)],1.06741,[(1.08, 170000, 5), (1.09, 20000, 2), (1.1, 80000, 5)]"
,BookList
0,"[(1.04, 110000, 3), (1.05, 140000, 4), (1.06, 100000, 2)],1.06741,[(1.08, 170000, 5), (1.09, 20000, 2), (1.1, 80000, 5)]"
,BookList
0,"[(1.04, 110000, 3), (1.05, 140000, 4), (1.06, 100000, 2)],1.06741,[(1.08, 170000, 5), (1.09, 20000, 2), (1.1, 80000, 5)]"
,BookList
0,"[(1.05, 140000, 4), (1.06, 100000, 2), (1.07, 30000, 1)],1.0715,[(1.08, 170000, 5), (1.09, 20000, 2), (1.1, 80000, 5)]"
,BookList
0,"[(1.04, 110000, 3), (1.05, 140000, 4), (1.06, 100000, 2)],1.06741,[(1.08, 170000, 5), (1.09, 20000, 2), (1.1, 80000, 5)]"
,price,volume,type,time
0,1.07,30000,SELL,2018-11-16 15:42:58
,BookList
0,"[(1.05, 140000, 4), (1.06, 100000, 2), (1.07, 30000, 1)],1.0715,[(1.08, 170000, 5), (1.09, 20000, 2), (1.1, 80000, 5)]"
,BookList
0,"[(1.04, 110000, 3), (1.05, 140000, 4), (1.06, 100000, 2)],1.06741,[(1.08, 170000, 5), (1.09, 20000, 2), (1.1, 80000, 5)]"
,price,volume,type,time
0,1.07,30000,SELL,2018-11-16 15:43:08
,BookList
0,"[(1.04, 110000, 3), (1.05, 140000, 4), (1.06, 130000, 3)],1.06867,[(1.08, 170000, 5), (1.09, 20000, 2), (1.1, 80000, 5)]"
,BookList
0,"[(1.03, 170000, 3), (1.04, 110000, 3), (1.05, 140000, 4)],1.06355,[(1.08, 170000, 5), (1.09, 20000, 2), (1.1, 80000, 5)]"
,price,volume,type,time
0,1.06,130000,SELL,2018-11-16 15:44:39
,BookList
0,"[(1.03, 170000, 3), (1.04, 110000, 3), (1.05, 140000, 4)],1.06867,[(1.07, 10000, 1), (1.08, 170000, 5), (1.09, 20000, 2)]"
,BookList
0,"[(1.03, 170000, 3), (1.04, 110000, 3), (1.05, 110000, 4)],1.06833,[(1.07, 10000, 1), (1.08, 170000, 5), (1.09, 20000, 2)]"
,price,volume,type,time
0,1.05,30000,SELL,2018-11-16 15:44:45
,BookList
0,"[(1.03, 170000, 3), (1.04, 110000, 3), (1.05, 120000, 5)],1.06846,[(1.07, 10000, 1), (1.08, 170000, 5), (1.09, 20000, 2)]"
,BookList
0,"[(1.03, 170000, 3), (1.04, 110000, 3), (1.05, 120000, 5)],1.06333,[(1.07, 60000, 2), (1.08, 170000, 5), (1.09, 20000, 2)]"
,BookList
0,"[(1.03, 170000, 3), (1.04, 110000, 3), (1.05, 120000, 5)],1.06333,[(1.07, 60000, 2), (1.08, 170000, 5), (1.09, 20000, 2)]"
,BookList
0,"[(1.03, 170000, 3), (1.04, 110000, 3), (1.05, 120000, 5)],1.05923,[(1.06, 10000, 1), (1.07, 60000, 2), (1.08, 170000, 5)]"
,BookList
0,"[(1.03, 170000, 3), (1.04, 110000, 3), (1.05, 120000, 5)],1.05923,[(1.06, 10000, 1), (1.07, 60000, 2), (1.08, 170000, 5)]"
,BookList
0,"[(1.03, 170000, 3), (1.04, 110000, 3), (1.05, 120000, 5)],1.05923,[(1.06, 10000, 1), (1.07, 100000, 3), (1.08, 170000, 5)]"
,BookList
0,"[(1.03, 170000, 3), (1.04, 110000, 3), (1.05, 120000, 5)],1.05923,[(1.06, 10000, 1), (1.07, 100000, 3), (1.08, 170000, 5)]"
,BookList
0,"[(1.03, 170000, 3), (1.04, 110000, 3), (1.05, 120000, 5)],1.06091,[(1.07, 100000, 3), (1.08, 170000, 5), (1.09, 20000, 2)]"
,BookList
0,"[(1.04, 110000, 3), (1.05, 120000, 5), (1.06, 10000, 1)],1.06091,[(1.07, 100000, 3), (1.08, 170000, 5), (1.09, 20000, 2)]"
,BookList
0,"[(1.03, 170000, 3), (1.04, 110000, 3), (1.05, 120000, 5)],1.06091,[(1.07, 100000, 3), (1.08, 170000, 5), (1.09, 20000, 2)]"
,price,volume,type,time
0,1.06,10000,SELL,2018-11-16 15:48:16
,BookList
0,"[(1.03, 170000, 3), (1.04, 110000, 3), (1.05, 120000, 5)],1.05923,[(1.06, 10000, 1), (1.07, 100000, 3), (1.08, 170000, 5)]"
,BookList
0,"[(1.03, 170000, 3), (1.04, 110000, 3), (1.05, 120000, 5)],1.05923,[(1.06, 10000, 1), (1.07, 150000, 4), (1.08, 170000, 5)]"
,BookList
0,"[(1.05, 120000, 5), (1.06, 0, 0), (1.07, 840000, 1)],1.07832,[(1.08, 170000, 5), (1.09, 20000, 2), (1.1, 80000, 5)]"
,price,volume,type,time
0,1.06,10000,BUY,2018-11-16 15:48:34
1,1.07,150000,BUY,2018-11-16 15:48:34
,BookList
0,"[(1.05, 120000, 5), (1.06, 0, 0), (1.07, 790000, 1)],1.07823,[(1.08, 170000, 5), (1.09, 20000, 2), (1.1, 80000, 5)]"
,price,volume,type,time
0,1.07,50000,SELL,2018-11-16 15:48:34
,BookList
0,"[(1.05, 120000, 5), (1.06, 0, 0), (1.07, 490000, 1)],1.07742,[(1.08, 170000, 5), (1.09, 20000, 2), (1.1, 80000, 5)]"
,price,volume,type,time
0,1.07,300000,SELL,2018-11-16 15:48:35
,BookList
0,"[(1.05, 120000, 5), (1.06, 0, 0), (1.07, 450000, 1)],1.07726,[(1.08, 170000, 5), (1.09, 20000, 2), (1.1, 80000, 5)]"
,price,volume,type,time
0,1.07,40000,SELL,2018-11-16 15:48:36
,BookList
0,"[(1.05, 120000, 5), (1.06, 0, 0), (1.07, 400000, 1)],1.07702,[(1.08, 170000, 5), (1.09, 20000, 2), (1.1, 80000, 5)]"
,price,volume,type,time
0,1.07,50000,SELL,2018-11-16 15:48:36
,BookList
0,"[(1.05, 120000, 5), (1.06, 0, 0), (1.07, 300000, 1)],1.07638,[(1.08, 170000, 5), (1.09, 20000, 2), (1.1, 80000, 5)]"
,price,volume,type,time
0,1.07,100000,SELL,2018-11-16 15:48:38
,BookList
0,"[(1.05, 120000, 5), (1.06, 0, 0), (1.07, 260000, 1)],1.07605,[(1.08, 170000, 5), (1.09, 20000, 2), (1.1, 80000, 5)]"
,price,volume,type,time
0,1.07,40000,SELL,2018-11-16 15:48:39
,BookList
0,"[(1.05, 120000, 5), (1.06, 0, 0), (1.07, 220000, 1)],1.07564,[(1.08, 170000, 5), (1.09, 20000, 2), (1.1, 80000, 5)]"
,price,volume,type,time
0,1.07,40000,SELL,2018-11-16 15:48:42
,BookList
0,"[(1.05, 120000, 5), (1.06, 0, 0), (1.07, 210000, 1)],1.07553,[(1.08, 170000, 5), (1.09, 20000, 2), (1.1, 80000, 5)]"
,price,volume,type,time
0,1.07,10000,SELL,2018-11-16 15:48:43
,BookList
0,"[(1.05, 120000, 5), (1.06, 0, 0), (1.07, 110000, 1)],1.07393,[(1.08, 170000, 5), (1.09, 20000, 2), (1.1, 80000, 5)]"
,price,volume,type,time
0,1.07,100000,SELL,2018-11-16 15:48:45
,BookList
0,"[(1.05, 120000, 5), (1.06, 0, 0), (1.07, 10000, 1)],1.07056,[(1.08, 170000, 5), (1.09, 20000, 2), (1.1, 80000, 5)]"
,price,volume,type,time
0,1.07,100000,SELL,2018-11-16 15:48:46
,BookList
0,"[(1.05, 120000, 5), (1.06, 0, 0), (1.07, 30000, 2)],1.0715,[(1.08, 170000, 5), (1.09, 20000, 2), (1.1, 80000, 5)]"
,BookList
0,"[(1.03, 170000, 3), (1.04, 110000, 3), (1.05, 120000, 5)],1.06714,[(1.07, 20000, 1), (1.08, 120000, 4), (1.09, 20000, 2)]"
,price,volume,type,time
0,1.07,30000,SELL,2018-11-16 15:49:00
,BookList
0,"[(1.03, 170000, 3), (1.04, 110000, 3), (1.05, 120000, 5)],1.066,[(1.07, 30000, 2), (1.08, 120000, 4), (1.09, 20000, 2)]"
,BookList
0,"[(1.03, 170000, 3), (1.04, 110000, 3), (1.05, 120000, 5)],1.066,[(1.07, 30000, 2), (1.08, 120000, 4), (1.09, 20000, 2)]"
,BookList
0,"[(1.03, 170000, 3), (1.04, 110000, 3), (1.05, 120000, 5)],1.056,[(1.06, 80000, 1), (1.07, 30000, 2), (1.08, 120000, 4)]"
,BookList
0,"[(1.03, 170000, 3), (1.04, 110000, 3), (1.05, 120000, 5)],1.056,[(1.06, 80000, 1), (1.07, 30000, 2), (1.08, 120000, 4)]"
,BookList
0,"[(1.03, 170000, 3), (1.04, 60000, 2), (1.05, 120000, 5)],1.056,[(1.06, 80000, 1), (1.07, 30000, 2), (1.08, 120000, 4)]"
,BookList
0,"[(1.03, 120000, 2), (1.04, 60000, 2), (1.05, 120000, 5)],1.056,[(1.06, 80000, 1), (1.07, 30000, 2), (1.08, 120000, 4)]"
,BookList
0,"[(1.03, 70000, 1), (1.04, 60000, 2), (1.05, 120000, 5)],1.056,[(1.06, 80000, 1), (1.07, 30000, 2), (1.08, 120000, 4)]"
,BookList
0,"[(1.03, 70000, 1), (1.04, 60000, 2), (1.05, 120000, 5)],1.066,[(1.07, 30000, 2), (1.08, 120000, 4), (1.09, 10000, 1)]"
,price,volume,type,time
0,1.06,80000,BUY,2018-11-16 15:50:01
,BookList
0,"[(1.04, 60000, 2), (1.05, 120000, 5), (1.06, 10000, 1)],1.0625,[(1.07, 30000, 2), (1.08, 120000, 4), (1.09, 10000, 1)]"
,BookList
0,"[(1.03, 70000, 1), (1.04, 60000, 2), (1.05, 10000, 1)],1.055,[(1.07, 30000, 2), (1.08, 120000, 4), (1.09, 10000, 1)]"
,price,volume,type,time
0,1.06,10000,SELL,2018-11-16 15:50:03
1,1.05,110000,SELL,2018-11-16 15:50:03
,BookList
0,"[(1.02, 110000, 4), (1.03, 70000, 1), (1.04, 60000, 2)],1.06,[(1.07, 30000, 2), (1.08, 120000, 4), (1.09, 10000, 1)]"
,price,volume,type,time
0,1.05,10000,NEUTRAL,2018-11-16 15:50:17
,BookList
0,"[(1.03, 70000, 1), (1.04, 60000, 2), (1.05, 40000, 1)],1.06143,[(1.07, 30000, 2), (1.08, 120000, 4), (1.09, 10000, 1)]"
,BookList
0,"[(1.03, 70000, 1), (1.04, 60000, 2), (1.05, 40000, 1)],1.06143,[(1.07, 30000, 2), (1.08, 120000, 4), (1.09, 20000, 2)]"
,BookList
0,"[(1.04, 60000, 2), (1.05, 40000, 1), (1.06, 10000, 1)],1.0625,[(1.07, 30000, 2), (1.08, 120000, 4), (1.09, 20000, 2)]"
,BookList
0,"[(1.03, 70000, 1), (1.04, 60000, 2), (1.05, 40000, 1)],1.06143,[(1.07, 30000, 2), (1.08, 120000, 4), (1.09, 20000, 2)]"
,price,volume,type,time
0,1.06,10000,SELL,2018-11-16 15:50:46
,BookList
0,"[(1.03, 70000, 1), (1.04, 60000, 2), (1.05, 40000, 1)],1.05889,[(1.07, 50000, 3), (1.08, 100000, 3), (1.09, 20000, 2)]"
,BookList
0,"[(1.04, 60000, 2), (1.05, 40000, 1), (1.06, 50000, 1)],1.065,[(1.07, 50000, 3), (1.08, 100000, 3), (1.09, 20000, 2)]"
,BookList
0,"[(1.04, 60000, 2), (1.05, 40000, 1), (1.06, 70000, 2)],1.06583,[(1.07, 50000, 3), (1.08, 100000, 3), (1.09, 20000, 2)]"
,BookList
0,"[(1.04, 60000, 2), (1.05, 40000, 1), (1.06, 50000, 2)],1.06625,[(1.07, 30000, 2), (1.08, 100000, 3), (1.09, 20000, 2)]"
,price,volume,type,time
0,1.06,20000,SELL,2018-11-16 15:51:46
,BookList
0,"[(1.04, 60000, 2), (1.05, 40000, 1), (1.06, 50000, 2)],1.06625,[(1.07, 30000, 2), (1.08, 100000, 3), (1.09, 20000, 2)]"
,BookList
0,"[(1.04, 60000, 2), (1.05, 40000, 1), (1.06, 50000, 2)],1.06625,[(1.07, 30000, 2), (1.08, 100000, 3), (1.09, 20000, 2)]"
,BookList
0,"[(1.03, 0, 0), (1.04, 60000, 2), (1.05, 40000, 1)],1.06143,[(1.07, 30000, 2), (1.08, 100000, 3), (1.09, 20000, 2)]"
,price,volume,type,time
0,1.06,50000,SELL,2018-11-16 15:52:37
,BookList
0,"[(1.03, 0, 0), (1.04, 60000, 2), (1.05, 40000, 1)],1.06143,[(1.07, 30000, 2), (1.08, 100000, 3), (1.09, 20000, 2)]"
,BookList
0,"[(1.04, 60000, 2), (1.05, 40000, 1), (1.06, 40000, 1)],1.06571,[(1.07, 30000, 2), (1.08, 100000, 3), (1.09, 20000, 2)]"
,BookList
0,"[(1.04, 60000, 2), (1.05, 40000, 1), (1.06, 40000, 1)],1.06571,[(1.07, 30000, 2), (1.08, 100000, 3), (1.09, 20000, 2)]"
,BookList
0,"[(1.04, 60000, 2), (1.05, 40000, 1), (1.06, 40000, 1)],1.06571,[(1.07, 30000, 2), (1.08, 100000, 3), (1.09, 20000, 2)]"
,BookList
0,"[(1.04, 60000, 2), (1.05, 40000, 1), (1.06, 40000, 1)],1.06571,[(1.07, 30000, 2), (1.08, 100000, 3), (1.09, 20000, 2)]"
,BookList
0,"[(1.04, 60000, 2), (1.05, 40000, 1), (1.06, 40000, 1)],1.06571,[(1.07, 30000, 2), (1.08, 120000, 4), (1.09, 10000, 1)]"
,BookList
0,"[(1.04, 60000, 2), (1.05, 40000, 1), (1.06, 30000, 1)],1.065,[(1.07, 30000, 2), (1.08, 120000, 4), (1.09, 10000, 1)]"
,price,volume,type,time
0,1.06,10000,SELL,2018-11-16 15:53:55
,BookList
0,"[(1.03, 30000, 1), (1.04, 60000, 2), (1.05, 40000, 1)],1.05667,[(1.06, 20000, 1), (1.07, 30000, 2), (1.08, 70000, 3)]"
,price,volume,type,time
0,1.06,30000,SELL,2018-11-16 15:54:08
,BookList
0,"[(1.03, 30000, 1), (1.04, 60000, 2), (1.05, 40000, 1)],1.05667,[(1.06, 20000, 1), (1.07, 30000, 2), (1.08, 70000, 3)]"
,BookList
0,"[(1.03, 30000, 1), (1.04, 60000, 2), (1.05, 40000, 1)],1.05667,[(1.06, 20000, 1), (1.07, 30000, 2), (1.08, 70000, 3)]"
,BookList
0,"[(1.03, 30000, 1), (1.04, 60000, 2), (1.05, 60000, 2)],1.0575,[(1.06, 20000, 1), (1.07, 30000, 2), (1.08, 70000, 3)]"
,BookList
0,"[(1.03, 30000, 1), (1.04, 60000, 2), (1.05, 60000, 2)],1.0575,[(1.06, 20000, 1), (1.07, 30000, 2), (1.08, 70000, 3)]"
,BookList
0,"[(1.03, 30000, 1), (1.04, 60000, 2), (1.05, 50000, 2)],1.05714,[(1.06, 20000, 1), (1.07, 30000, 2), (1.08, 70000, 3)]"
,price,volume,type,time
0,1.05,10000,SELL,2018-11-16 15:55:18
,BookList
0,"[(1.03, 30000, 1), (1.04, 60000, 2), (1.05, 50000, 2)],1.05714,[(1.06, 20000, 1), (1.07, 30000, 2), (1.08, 90000, 4)]"
,BookList
0,"[(1.03, 30000, 1), (1.04, 60000, 2), (1.05, 50000, 2)],1.05714,[(1.06, 20000, 1), (1.07, 30000, 2), (1.08, 90000, 4)]"
,BookList
0,"[(1.02, 60000, 3), (1.03, 30000, 1), (1.04, 60000, 2)],1.055,[(1.06, 20000, 1), (1.07, 30000, 2), (1.08, 90000, 4)]"
,price,volume,type,time
0,1.05,30000,NEUTRAL,2018-11-16 15:55:38
1,1.05,20000,SELL,2018-11-16 15:55:38
,BookList
0,"[(1.02, 60000, 3), (1.03, 30000, 1), (1.04, 60000, 2)],1.0475,[(1.05, 20000, 1), (1.06, 20000, 1), (1.07, 30000, 2)]"
,BookList
0,"[(1.02, 60000, 3), (1.03, 30000, 1), (1.04, 60000, 2)],1.046,[(1.05, 40000, 2), (1.06, 0, 0), (1.07, 30000, 2)]"
,BookList
0,"[(1.02, 60000, 3), (1.03, 30000, 1), (1.04, 60000, 2)],1.046,[(1.05, 40000, 2), (1.06, 0, 0), (1.07, 30000, 2)]"
,BookList
0,"[(1.02, 60000, 3), (1.03, 30000, 1), (1.04, 60000, 2)],1.06,[(1.07, 30000, 2), (1.08, 90000, 4), (1.09, 20000, 2)]"
,price,volume,type,time
0,1.05,40000,BUY,2018-11-16 15:56:18
,BookList
0,"[(1.02, 60000, 3), (1.03, 30000, 1), (1.04, 60000, 2)],1.06,[(1.07, 30000, 2), (1.08, 90000, 4), (1.09, 20000, 2)]"
,BookList
0,"[(1.03, 30000, 1), (1.04, 60000, 2), (1.05, 40000, 1)],1.06143,[(1.07, 30000, 2), (1.08, 90000, 4), (1.09, 20000, 2)]"
,BookList
0,"[(1.03, 30000, 1), (1.04, 60000, 2), (1.05, 60000, 2)],1.06333,[(1.07, 30000, 2), (1.08, 90000, 4), (1.09, 20000, 2)]"
,BookList
0,"[(1.03, 30000, 1), (1.04, 60000, 2), (1.05, 60000, 2)],1.06333,[(1.07, 30000, 2), (1.08, 90000, 4), (1.09, 20000, 2)]"
,BookList
0,"[(1.02, 60000, 3), (1.03, 30000, 1), (1.04, 60000, 2)],1.0475,[(1.05, 20000, 1), (1.06, 0, 0), (1.07, 30000, 2)]"
,price,volume,type,time
0,1.05,60000,SELL,2018-11-16 15:57:32
,BookList
0,"[(1.02, 60000, 3), (1.03, 30000, 1), (1.04, 60000, 2)],1.045,[(1.05, 60000, 2), (1.06, 0, 0), (1.07, 30000, 2)]"
,BookList
0,"[(1.03, 30000, 1), (1.04, 60000, 2), (1.05, 20000, 1)],1.058,[(1.07, 30000, 2), (1.08, 90000, 4), (1.09, 20000, 2)]"
,price,volume,type,time
0,1.05,60000,BUY,2018-11-16 15:57:56
,BookList
0,"[(1.03, 30000, 1), (1.04, 60000, 2), (1.05, 20000, 1)],1.058,[(1.07, 30000, 2), (1.08, 90000, 4), (1.09, 20000, 2)]"
,BookList
0,"[(1.03, 30000, 1), (1.04, 60000, 2), (1.05, 20000, 1)],1.05364,[(1.07, 90000, 3), (1.08, 90000, 4), (1.09, 20000, 2)]"
,BookList
0,"[(1.03, 30000, 1), (1.04, 60000, 2), (1.05, 30000, 2)],1.055,[(1.07, 90000, 3), (1.08, 90000, 4), (1.09, 20000, 2)]"
,BookList
0,"[(1.04, 60000, 2), (1.05, 30000, 2), (1.06, 10000, 1)],1.061,[(1.07, 90000, 3), (1.08, 90000, 4), (1.09, 20000, 2)]"
,BookList
0,"[(1.04, 60000, 2), (1.05, 30000, 2), (1.06, 10000, 1)],1.065,[(1.07, 10000, 1), (1.08, 90000, 4), (1.09, 20000, 2)]"
,price,volume,type,time
0,1.07,50000,NEUTRAL,2018-11-16 15:59:20
1,1.07,30000,BUY,2018-11-16 15:59:20
,BookList
0,"[(1.03, 30000, 1), (1.04, 60000, 2), (1.05, 30000, 2)],1.065,[(1.07, 10000, 1), (1.08, 90000, 4), (1.09, 20000, 2)]"
,BookList
0,"[(1.03, 30000, 1), (1.04, 60000, 2), (1.05, 30000, 2)],1.0575,[(1.08, 90000, 4), (1.09, 20000, 2), (1.1, 270000, 9)]"
,price,volume,type,time
0,1.07,10000,BUY,2018-11-16 15:59:46
,BookList
0,"[(1.03, 30000, 1), (1.04, 60000, 2), (1.05, 30000, 2)],1.0575,[(1.08, 90000, 4), (1.09, 20000, 2), (1.1, 270000, 9)]"
,BookList
0,"[(1.04, 60000, 2), (1.05, 30000, 2), (1.06, 30000, 1)],1.09,[(1.11, 20000, 1), (1.12, 80000, 2), (1.13, 110000, 3)]"
,price,volume,type,time
0,1.08,90000,BUY,2018-11-16 15:59:54
1,1.09,20000,BUY,2018-11-16 15:59:54
2,1.1,270000,BUY,2018-11-16 15:59:54
3,1.11,120000,BUY,2018-11-16 15:59:54
