,time,open,close,high,low,dif,dea,macd,bmid,bup,blow
0,2019-05-21 13:25:00,4247.92,4247.72,4248.39,4244.78,0.0,0.0,0.0,,,
1,2019-05-21 13:30:00,4247.58,4246.45,4247.88,4244.38,-0.028493589743447956,-0.01582977207969331,-0.02532763532750929,,,
2,2019-05-21 13:35:00,4245.75,4250.54,4251.78,4245.75,0.09052416633130633,0.027757907596945883,0.1255325174687209,,,
3,2019-05-21 13:40:00,4250.1,4247.14,4250.1,4244.4,0.01968155248050607,0.025022014942325355,-0.01068092492363857,,,
4,2019-05-21 13:45:00,4246.52,4241.37,4247.67,4238.87,-0.24882918968432932,-0.05644252712890699,-0.38477332511084467,,,
5,2019-05-21 13:50:00,4239.95,4244.27,4244.84,4239.37,-0.28155770056582696,-0.11746125529183309,-0.3281928905479877,,,
6,2019-05-21 13:55:00,4244.29,4245.43,4247.14,4243.71,-0.24514712529799,-0.14977514264134478,-0.1907439653132904,,,
7,2019-05-21 14:00:00,4246.07,4251.33,4253.95,4246.06,0.06381179375603097,-0.0984461853218262,0.3245159581557143,,,
8,2019-05-21 14:05:00,4251.68,4248.51,4253.34,4247.05,0.13687864705298125,-0.04408498159073215,0.3619272572874268,,,
9,2019-05-21 14:10:00,4247.6899,4244.06,4248.31,4241.84,-0.04249769753005239,-0.04372933781942662,0.00246328057874845,,,
10,2019-05-21 14:15:00,4243.4799,4237.24,4243.4799,4234.46,-0.5348612929456067,-0.15118620330443858,-0.7673501792823363,,,
11,2019-05-21 14:20:00,4236.05,4240.92,4241.88,4236.05,-0.6864149933408044,-0.26613090077550094,-0.8405681851306068,,,
12,2019-05-21 14:25:00,4241.5,4239.4399,4242.26,4236.7,-0.8733138860889085,-0.3946319158510095,-0.957363940475798,,,
13,2019-05-21 14:30:00,4238.9799,4240.22,4241.06,4237.58,-0.9566560637022121,-0.512207786916548,-0.8888965535713282,,,
14,2019-05-21 14:35:00,4239.7299,4240.2,4245.87,4238.39,-1.0084893924931748,-0.6150837336196667,-0.7868113177470162,,,
15,2019-05-21 14:40:00,4240.06,4238.74,4242.04,4236.01,-1.1236931058811024,-0.7197517508429822,-0.8078827100762405,,,
16,2019-05-21 14:45:00,4238.83,4241.11,4242.77,4238.83,-1.0509406696100996,-0.7875154371586071,-0.526850464902985,,,
17,2019-05-21 14:50:00,4242.43,4239.85,4242.43,4237.92,-1.0617653156432425,-0.843371628546416,-0.436787374193653,,,
18,2019-05-21 14:55:00,4238.33,4240.52,4240.9399,4237.92,-1.0141899792561162,-0.8780348483322309,-0.27231026184777063,,,
19,2019-05-21 15:00:00,4240.26,4239.76,4242.96,4239.72,-1.014823038481154,-0.905711577322314,-0.21822292231768015,4243.240995,4251.602494993981,4234.879495006019
20,2019-05-22 09:35:00,4239.31,4232.77,4240.1899,4231.3,-1.4656024365076519,-1.0187321802278086,-0.8937405125596865,4242.493495000001,4251.789785892603,4233.197204107399
21,2019-05-22 09:40:00,4230.13,4223.11,4230.13,4219.64,-2.4450943336723867,-1.306125197088968,-2.2779382731668374,4241.326495,4253.836095795595,4228.816894204406
22,2019-05-22 09:45:00,4223.4,4220.54,4223.41,4214.92,-3.3503502238081637,-1.7173979281333096,-3.2659045913497082,4239.826495,4254.6625657829145,4224.990424217086
23,2019-05-22 09:50:00,4221.8,4217.88,4221.8,4216.08,-4.196764301172152,-2.215624008885715,-3.9622805845728744,4238.3634950000005,4255.7196505269485,4221.0073394730525
24,2019-05-22 09:55:00,4218.21,4226.1899,4227.46,4217.52,-4.228035144957175,-2.6196325371662033,-3.216805215581944,4237.604490000001,4255.718208039783,4219.490771960218
25,2019-05-22 10:00:00,4227.33,4227.05,4230.24,4222.99,-4.142435449011828,-2.9251163878216597,-2.4346381223803357,4236.743490000001,4255.15772377612,4218.329256223881
26,2019-05-22 10:05:00,4225.74,4229.7299,4232.92,4224.28,-3.837379209669052,-3.1080111646270434,-1.4587360900840176,4235.958485000001,4254.150787352051,4217.766182647951
27,2019-05-22 10:10:00,4229.72,4228.78,4231.91,4226.34,-3.622713642292183,-3.2111511619293083,-0.8231249607257496,4234.830985000001,4251.763553472591,4217.898416527411
28,2019-05-22 10:15:00,4228.84,4239.16,4241.61,4228.49,-2.664836314713284,-3.101718854191929,0.8737650789572902,4234.363485000002,4250.185755787357,4218.541214212646
29,2019-05-22 10:20:00,4238.93,4236.9799,4241.37,4235.35,-2.0444694548332336,-2.89000688759995,1.691074865533433,4234.009480000002,4249.223407377186,4218.795552622819
30,2019-05-22 10:25:00,4235.6,4231.34,4239.08,4231.26,-1.9487439218992222,-2.701567673301123,1.5056475028038019,4233.7144800000015,4248.893422468063,4218.53553753194
31,2019-05-22 10:30:00,4231.35,4232.4799,4234.83,4230.9799,-1.7674975590043687,-2.5146055237660985,1.4942159295234596,4233.292475000002,4248.0925056083415,4218.4924443916625
32,2019-05-22 10:35:00,4232.07,4231.9799,4233.32,4228.65,-1.6424398134495277,-2.3400617514439093,1.395243875988763,4232.919475000002,4247.440557622662,4218.398392377343
33,2019-05-22 10:40:00,4231.86,4226.02,4231.9399,4226.02,-1.9694992334470953,-2.2659116492759384,0.5928248316576861,4232.209475000002,4246.615737034175,4217.8032129658295
34,2019-05-22 10:45:00,4226.1899,4227.26,4232.18,4226.14,-2.109769066029912,-2.2346704596946614,0.24980278732949834,4231.562475000002,4245.615708121447,4217.509241878558
35,2019-05-22 10:50:00,4227.01,4229.9,4230.2,4225.2299,-1.9966703581803813,-2.187054987287568,0.38076925821437335,4231.1204750000015,4244.773569066429,4217.467380933574
36,2019-05-22 10:55:00,4230.15,4228.17,4232.33,4227.14,-2.0158851883443276,-2.152812137546863,0.27385389840507113,4230.473475000002,4243.336933293592,4217.610016706411
37,2019-05-22 11:00:00,4228.32,4236.78,4242.82,4227.49,-1.3547743746894412,-1.9931714288973783,1.2767941084158743,4230.319975000001,4242.779234486629,4217.860715513373
38,2019-05-22 11:05:00,4235.81,4236.66,4238.31,4232.71,-0.8309549049999987,-1.760689496431259,1.8594691828625205,4230.126975000001,4242.028039747032,4218.22591025297
39,2019-05-22 11:10:00,4236.35,4237.91,4239.72,4235.47,-0.3159294767447136,-1.4716990790786237,2.3115392046678203,4230.034475000002,4241.645513826883,4218.423436173121
40,2019-05-22 11:15:00,4237.76,4236.86,4240.41,4235.03,0.010384366309153847,-1.1752508662199617,2.371270465058231,4230.238975000002,4242.191912071674,4218.28603792833
41,2019-05-22 11:20:00,4238.04,4237.39,4239.4399,4235.63,0.30646564617472905,-0.8788823514961058,2.37069599534167,4230.952975000002,4242.818575887813,4219.087374112191
42,2019-05-22 11:25:00,4236.65,4240.05,4241.17,4236.65,0.7397971427271841,-0.5551244188283203,2.5898431231110086,4231.928475000002,4243.390615073322,4220.466334926683
43,2019-05-22 11:30:00,4239.85,4235.87,4240.7299,4235.16,0.7475994278656799,-0.29456546331062333,2.0843297823526066,4232.827975000002,4242.298728607952,4223.3572213920515
44,2019-05-22 13:05:00,4235.81,4233.06,4239.01,4232.31,0.5274855774277967,-0.1301480937764859,1.315267342408565,4233.171480000002,4242.112008163271,4224.230951836733
45,2019-05-22 13:10:00,4232.93,4228.99,4233.27,4228.29,0.03312588267181127,-0.09749216059363094,0.2612360865308844,4233.268480000002,4241.968220296567,4224.568739703436
46,2019-05-22 13:15:00,4229.5,4230.81,4231.08,4227.84,-0.2128248122662626,-0.12055933394710154,-0.1845309566383221,4233.3224850000015,4241.94278271772,4224.702187282283
47,2019-05-22 13:20:00,4230.75,4228.57,4231.75,4227.9399,-0.5775800409001022,-0.2119655137636273,-0.7312290542729498,4233.311985000002,4241.956058348103,4224.667911651901
48,2019-05-22 13:25:00,4228.17,4225.42,4230.74,4224.6899,-1.1025649489884017,-0.39008857863024904,-1.4249527407163054,4232.624985000001,4241.493198930722,4223.75677106928
49,2019-05-22 13:30:00,4224.68,4222.09,4225.1,4220.6899,-1.761524601698511,-0.6643796980575747,-2.194289807281873,4231.880490000001,4241.662320150765,4222.098659849238
50,2019-05-22 13:35:00,4221.87,4221.66,4223.43,4217.31,-2.291188415370925,-0.9897451565370441,-2.6028865176677622,4231.396490000001,4242.1959161213745,4220.5970638786275
51,2019-05-22 13:40:00,4220.74,4220.56,4222.28,4219.56,-2.7661328110725663,-1.345025932715624,-2.8422137567138845,4230.800495000001,4242.616030349779,4218.984959650224
52,2019-05-22 13:45:00,4220.62,4213.18,4220.6899,4212.59,-3.686013506566269,-1.8132268688679265,-3.745573275396685,4229.860500000001,4244.0364744490025,4215.684525550999
53,2019-05-22 13:50:00,4213.78,4214.95,4218.2,4212.1,-4.225308749229953,-2.295646065166113,-3.8593253681276796,4229.307000000001,4244.907256543094,4213.706743456907
54,2019-05-22 13:55:00,4215.41,4214.9,4215.41,4209.42,-4.603425343227173,-2.757204079395264,-3.6924425276638173,4228.689,4245.558349221523,4211.819650778478
55,2019-05-22 14:00:00,4214.24,4216.55,4216.81,4212.51,-4.717067579429568,-3.149178245951593,-3.1357786669559493,4228.021500000001,4245.724955832714,4210.318044167288
56,2019-05-22 14:05:00,4216.52,4213.89,4219.2299,4213.54,-4.961974186225234,-3.5117385192055446,-2.900471334039379,4227.307500000001,4246.103860089958,4208.511139910043
57,2019-05-22 14:10:00,4214.91,4210.71,4216.57,4207.63,-5.3481390144434044,-3.879019497716338,-2.938239033454133,4226.004000000002,4245.631888215223,4206.376111784781
58,2019-05-22 14:15:00,4211.4,4208.4799,4213.28,4207.99,-5.765738600556688,-4.2563640411329455,-3.0187491188474844,4224.594995000001,4245.031259583016,4204.158730416986
59,2019-05-22 14:20:00,4208.4399,4205.4399,4208.97,4203.96,-6.267353156446916,-4.658562480563054,-3.2175813517677234,4222.971490000002,4244.1012009832375,4201.841779016766
60,2019-05-22 14:25:00,4205.88,4211.82,4211.82,4205.85,-6.084158966091309,-4.943682127224375,-2.2809536777338675,4221.719490000001,4242.345596088704,4201.093383911299
61,2019-05-22 14:30:00,4212.17,4209.01,4212.24,4206.22,-6.093619798160944,-5.173669886983027,-1.839899822355834,4220.3004900000005,4240.282151230219,4200.318828769782
62,2019-05-22 14:35:00,4209.05,4212.26,4213.68,4207.54,-5.774136722568073,-5.293763348329895,-0.9607467484763568,4218.91099,4236.872992938462,4200.948987061539
63,2019-05-22 14:40:00,4212.05,4213.5,4217.75,4211.06,-5.3597294456822056,-5.30695657608188,-0.10554573920065025,4217.792490000001,4234.009176065617,4201.575803934385
64,2019-05-22 14:45:00,4213.79,4211.9799,4215.16,4210.52,-5.094442673497724,-5.264453774221496,0.34002220144754425,4216.738485000001,4231.447094137606,4202.029875862396
65,2019-05-22 14:50:00,4212.82,4210.49,4213.63,4209.81,-4.9466681477870225,-5.200896623401501,0.5084569512289576,4215.813485000001,4229.574310886503,4202.0526591134985
66,2019-05-22 14:55:00,4210.4799,4212.1899,4212.85,4210.09,-4.639599675114368,-5.088637197665286,0.8980750451018356,4214.882480000001,4226.762237777346,4203.002722222656
67,2019-05-22 15:00:00,4210.9,4214.95,4214.95,4210.55,-4.127032954374954,-4.896316299559577,1.5385666903692456,4214.201480000001,4224.188231204837,4204.214728795164
68,2019-05-23 09:35:00,4195.9,4175.77,4195.9,4173.76,-6.789528117080408,-5.274958740945976,-3.0291387522688638,4211.718980000001,4230.646039644466,4192.791920355535
69,2019-05-23 09:40:00,4175.41,4163.46,4175.76,4157.97,-9.775802074644162,-6.175127555808802,-7.2013490376707185,4208.787480000001,4236.889200445663,4180.685759554339
70,2019-05-23 09:45:00,4162.06,4160.87,4165.86,4157.6,-12.209672116873662,-7.382036626899724,-9.655270979947876,4205.747980000001,4240.37902387815,4171.116936121852
71,2019-05-23 09:50:00,4161.17,4157.99,4163.56,4157.79,-14.206140119400516,-8.746857469132294,-10.918565300536443,4202.619480000001,4242.520402486709,4162.7185575132935
72,2019-05-23 09:55:00,4158.06,4155.56,4158.06,4151.34,-15.801464444796693,-10.157778983135076,-11.287370923323234,4199.738480000002,4244.458577984615,4155.018382015389
73,2019-05-23 10:00:00,4154.05,4152.82,4157.76,4151.7,-17.089038451469605,-11.544030970235179,-11.090014962468853,4196.631980000002,4245.355497735828,4147.908462264176
74,2019-05-23 10:05:00,4152.63,4151.09,4152.63,4147.79,-18.040551306046837,-12.84333510745585,-10.394432397181973,4193.441480000002,4245.379046143307,4141.503913856697
75,2019-05-23 10:10:00,4151.18,4154.88,4154.88,4150.4399,-18.27880646394169,-13.930429425645826,-8.69675407659173,4190.3579800000025,4243.819231660834,4136.896728339171
76,2019-05-23 10:15:00,4155.47,4158.14,4159.97,4151.88,-17.997666516497702,-14.743876871887238,-6.507579289220928,4187.570480000002,4241.675329346682,4133.4656306533225
77,2019-05-23 10:20:00,4159.18,4159.65,4161.64,4157.29,-17.452049901267856,-15.285511492716259,-4.333076817103194,4185.017480000001,4239.343202454621,4130.691757545382
78,2019-05-23 10:25:00,4159.92,4167.7,4168.24,4157.1899,-16.18483249649671,-15.465375697444756,-1.438913598103909,4182.9784850000015,4236.653647383246,4129.303322616757
79,2019-05-23 10:30:00,4167.54,4163.95,4167.93,4161.89,-15.306079249646245,-15.43351640732215,0.2548743153518096,4180.903990000001,4234.129146315044,4127.678833684958
80,2019-05-23 10:35:00,4161.91,4174.95,4177.9399,4161.3,-13.56724078971456,-15.060261278524754,2.9860409776203873,4179.060490000001,4230.293779928396,4127.827200071605
81,2019-05-23 10:40:00,4175.32,4173.16,4177.08,4170.76,-12.192829583651474,-14.486774933065215,4.587890698827483,4177.267990000001,4226.561138863581,4127.974841136422
82,2019-05-23 10:45:00,4173.34,4172.2,4175.1899,4170.13,-11.053510549209932,-13.800122050082523,5.493223001745182,4175.2649900000015,4221.746729644983,4128.78325035502
83,2019-05-23 10:50:00,4171.99,4179.95,4181.28,4171.99,-9.417564071725792,-12.923610448067857,7.012092752684129,4173.587490000001,4216.547387520248,4130.627592479754
84,2019-05-23 10:55:00,4179.86,4191.68,4195.93,4179.86,-7.094043260906801,-11.757697003885468,9.327307485957334,4172.572495,4212.570214017871,4132.57477598213
85,2019-05-23 11:00:00,4192.34,4182.02,4192.34,4181.99,-5.962432972908573,-10.598644192321723,9.2724224388263,4171.1489950000005,4207.306907060716,4134.991082939285
86,2019-05-23 11:05:00,4182.9799,4178.13,4184.42,4177.99,-5.317853449512768,-9.5424860398465,8.449265180667464,4169.446000000001,4200.2817245995275,4138.610275400474
87,2019-05-23 11:10:00,4177.9799,4174.6,4179.55,4173.15,-5.033531257471623,-8.640695080698366,7.214327646453487,4167.428500000001,4189.864573654978,4144.992426345024
88,2019-05-23 11:15:00,4173.9399,4174.6899,4175.55,4170.27,-4.746238783876834,-7.861803819486981,6.231130071220294,4167.374495000001,4189.731086548448,4145.017903451554
89,2019-05-23 11:20:00,4174.75,4173.04,4175.52,4171.66,-4.598554544191757,-7.20915396318977,5.2211988379960275,4167.853495,4190.267388659746,4145.439601340255
90,2019-05-23 11:25:00,4171.46,4171.81,4173.67,4171.05,-4.528473268549533,-6.673017823448025,4.2890891097969845,4168.400495,4190.630006144112,4146.170983855888
91,2019-05-23 11:30:00,4171.45,4176.16,4177.38,4167.91,-4.075216429198008,-6.153457543967189,4.156482229538362,4169.308995,4191.230107648502,4147.387882351499
92,2019-05-23 13:05:00,4176.09,4171.2,4178.24,4170.71,-4.069040543014125,-5.7365741433716435,3.335067200715036,4170.0909950000005,4191.041325534785,4149.140664465216
93,2019-05-23 13:10:00,4171.71,4179.63,4188.04,4169.92,-3.3457980085040617,-5.258418916026567,3.825241815045011,4171.431495,4191.121830343991,4151.741159656009
94,2019-05-23 13:15:00,4179.26,4179.4399,4180.65,4175.53,-2.7561822582092645,-4.757971584152002,4.003578651885475,4172.84899,4190.331561734298,4155.366418265703
95,2019-05-23 13:20:00,4179.62,4180.8,4181.57,4174.53,-2.154387965627393,-4.237254860188116,4.165733789121447,4174.14499,4189.762342912793,4158.527637087206
96,2019-05-23 13:25:00,4180.61,4173.21,4181.36,4172.13,-2.263494480074769,-3.842502784008391,3.1580166078672445,4174.8984900000005,4188.6012933122165,4161.1956866877845
97,2019-05-23 13:30:00,4174.16,4176.15,4177.74,4172.11,-2.0887649536598474,-3.4917552178270435,2.805980528334392,4175.72349,4187.397389978951,4164.04959002105
98,2019-05-23 13:35:00,4176.89,4185.37,4185.37,4176.01,-1.1929008667375456,-3.0319843474920725,3.6781669615090538,4176.60699,4188.398128838913,4164.815851161087
99,2019-05-23 13:40:00,4185.68,4179.77,4185.97,4179.77,-0.923956708701553,-2.6103788196480857,3.3728442218930654,4177.39799,4187.634032134105,4167.161947865896
100,2019-05-23 13:45:00,4179.75,4178.85,4180.92,4177.68,-0.7760780811258883,-2.243518671883862,2.934881181515947,4177.592990000001,4187.781154766435,4167.404825233567
101,2019-05-23 13:50:00,4180.09,4177.09,4180.09,4176.46,-0.7917226299214235,-1.95315946345352,2.322873667064193,4177.789490000001,4187.7670773553855,4167.811902644617
102,2019-05-23 13:55:00,4176.58,4175.99,4177.04,4172.61,-0.8826766076790591,-1.7390628922762983,1.7127725691944784,4177.978990000001,4187.6488100670485,4168.309169932954
103,2019-05-23 14:00:00,4175.91,4176.49,4177.31,4174.9799,-0.9040033950086581,-1.5720509928088353,1.3360951956003544,4177.805990000002,4187.451107405776,4168.160872594227
104,2019-05-23 14:05:00,4175.55,4173.6899,4176.96,4173.1,-1.1337154580623974,-1.484383885853696,0.7013368555825972,4176.906485000001,4184.16351404153,4169.649455958473
105,2019-05-23 14:10:00,4174.75,4173.39,4177.11,4170.16,-1.3246855599663832,-1.4524442206745278,0.25551732141628936,4176.474985000001,4183.473481395213,4169.476488604789
106,2019-05-23 14:15:00,4174.16,4173.6899,4175.09,4171.99,-1.435291038664218,-1.4490135842723193,0.027445091216202755,4176.25298,4183.311858998926,4169.194101001074
107,2019-05-23 14:20:00,4172.84,4178.82,4179.59,4171.29,-1.0964448904496749,-1.3784998455053805,0.5641099101114113,4176.46398,4183.566963053501,4169.3609969465
108,2019-05-23 14:25:00,4178.82,4176.08,4180.31,4174.93,-1.0370016796223354,-1.3102002123269043,0.5463970654091379,4176.533485000001,4183.590429487459,4169.476540512543
109,2019-05-23 14:30:00,4175.36,4170.02,4176.7299,4170.02,-1.4619356957618947,-1.3405473090145663,-0.24277677349465687,4176.382485000001,4183.870260869911,4168.894709130091
110,2019-05-23 14:35:00,4169.9799,4165.03,4170.88,4165.03,-2.176190298346228,-1.5076759068838228,-1.33702878292481,4176.043485000001,4184.89298831191,4167.193981688092
111,2019-05-23 14:40:00,4165.46,4164.56,4168.9399,4163.26,-2.7484762841477277,-1.7558359823400778,-1.9852806036153,4175.463485000001,4185.693667064756,4165.233302935247
112,2019-05-23 14:45:00,4164.2299,4161.37,4164.52,4159.76,-3.4199585614751413,-2.088660498170818,-2.662596126608647,4174.971985000001,4186.872772583143,4163.071197416859
113,2019-05-23 14:50:00,4159.01,4161.61,4166.5,4159.01,-3.8879303317116864,-2.4485144648822157,-2.8788317336589415,4174.070985,4187.156501771733,4160.985468228268
114,2019-05-23 14:55:00,4160.59,4161.72,4162.06,4157.9,-4.201492624543789,-2.799110096817043,-2.804765055453492,4173.184990000001,4187.112379886674,4159.2576001133275
115,2019-05-23 15:00:00,4161.88,4163.03,4164.77,4161.65,-4.294790926060159,-3.0982462626673817,-2.393089326785555,4172.296490000001,4186.443944281794,4158.149035718207
116,2019-05-24 09:35:00,4171.25,4191.91,4197.9399,4171.25,-2.0153885704730783,-2.8816747242275276,1.7325723075088986,4173.23149,4189.883251225726,4156.579728774274
117,2019-05-24 09:40:00,4192.0,4203.07,4204.09,4192.0,0.683595662560947,-2.1686206468672165,5.704432618856327,4174.577490000001,4195.91522593284,4153.239754067161
118,2019-05-24 09:45:00,4202.85,4206.11,4209.01,4200.86,3.0328747640933216,-1.128321564672055,8.322392657530752,4175.614490000001,4200.825112927285,4150.403867072717
119,2019-05-24 09:50:00,4204.4399,4196.9399,4204.4399,4190.97,4.107460994270696,-0.0811650528810457,8.377252094303483,4176.472985,4203.390982265851,4149.55498773415
120,2019-05-24 09:55:00,4195.79,4196.82,4197.6899,4191.52,4.892999179603066,0.9136677936176456,7.958662771970841,4177.371485000001,4205.781835278211,4148.961134721791
121,2019-05-24 10:00:00,4198.28,4195.2,4205.28,4191.85,5.323466586822178,1.7956275522598775,7.0556780691246015,4178.276985,4207.782849260018,4148.7711207399825
122,2019-05-24 10:05:00,4196.84,4191.79,4196.84,4191.62,5.328056828568151,2.5021134075223816,5.651886842091539,4179.0669849999995,4209.155347486167,4148.978622513832
123,2019-05-24 10:10:00,4191.92,4185.7299,4193.29,4185.4,4.787539315320828,2.9591985890825105,3.6566814524766347,4179.52898,4209.734260797366,4149.323699202634
124,2019-05-24 10:15:00,4185.27,4185.67,4186.35,4179.06,4.304719819845559,3.2283028352353274,2.152833969220463,4180.127985,4210.320860858284,4149.935109141717
125,2019-05-24 10:20:00,4183.62,4184.95,4187.13,4181.84,3.81995300712515,3.3466328696133645,0.9466402750235714,4180.705985,4210.798180286871,4150.613789713128
126,2019-05-24 10:25:00,4184.97,4181.35,4185.92,4180.65,3.1094532966890256,3.2991969550284734,-0.3794873166788957,4181.08899,4210.999634053713,4151.178345946288
127,2019-05-24 10:30:00,4181.43,4179.29,4185.7299,4178.67,2.35303624345579,3.109964812713862,-1.5138571385161441,4181.1124899999995,4211.016365777714,4151.208614222285
128,2019-05-24 10:35:00,4178.9799,4176.64,4179.43,4172.77,1.5222002906830312,2.792411908307596,-2.540423235249129,4181.14049,4211.025568188964,4151.255411811036
129,2019-05-24 10:40:00,4176.56,4176.09,4178.51,4173.59,0.8100408640593741,2.395937699457852,-3.171793670796956,4181.443989999999,4210.974740872205,4151.913239127793
130,2019-05-24 10:45:00,4176.78,4181.61,4183.9,4175.35,0.6831749647299148,2.0533851525121958,-2.740420375564562,4182.2729899999995,4210.776631854894,4153.769348145105
131,2019-05-24 10:50:00,4181.61,4176.95,4182.02,4176.34,0.20426861428404663,1.6835618448665064,-2.9585864611649195,4182.892489999999,4210.292383192309,4155.49259680769
132,2019-05-24 10:55:00,4176.71,4182.03,4182.24,4176.71,0.23195805906561873,1.3932410877062917,-2.322566057281346,4183.92549,4209.398971489631,4158.452008510369
133,2019-05-24 11:00:00,4180.92,4191.54,4191.67,4180.92,1.009617736151995,1.3165164173954242,-0.6137973624868587,4185.421989999999,4208.806538001267,4162.037441998731
134,2019-05-24 11:05:00,4191.68,4191.37,4193.64,4190.9799,1.5938284988542364,1.3719788336871912,0.44369933033409037,4186.904489999999,4207.562683342374,4166.246296657624
135,2019-05-24 11:10:00,4191.4399,4186.22,4191.4399,4184.99,1.6225646097100253,1.4220959888917613,0.400937241636528,4188.063989999999,4205.419122543501,4170.708857456497
136,2019-05-24 11:15:00,4185.13,4184.25,4185.28,4179.33,1.4694406604348842,1.4315649232003862,0.075751474468996,4187.680989999999,4205.016830078997,4170.3451499210005
137,2019-05-24 11:20:00,4181.39,4185.68,4185.68,4181.18,1.4467974540384603,1.434611429368001,0.024372049340918522,4186.811489999998,4202.570100983484,4171.052879016513
138,2019-05-24 11:25:00,4185.4399,4183.84,4186.25,4183.5,1.2657917318219916,1.400847489858798,-0.2701115160736127,4185.697989999999,4198.604008711904,4172.791971288094
139,2019-05-24 11:30:00,4182.87,4177.83,4183.6899,4177.01,0.6301322614281162,1.2467044441726576,-1.2331443654890828,4184.742494999999,4196.9550905472515,4172.529899452746
140,2019-05-24 13:05:00,4177.87,4176.52,4179.62,4175.11,0.02042801688094187,1.001449158714309,-1.9620422836667344,4183.727494999999,4195.055981446065,4172.3990085539335
141,2019-05-24 13:10:00,4177.4,4175.75,4177.6899,4172.93,-0.5189166666968958,0.6973759936320629,-2.4325853206579175,4182.754994999999,4193.245053501706,4172.264936498293
142,2019-05-24 13:15:00,4175.6899,4179.65,4179.65,4175.11,-0.6244601728330963,0.4330087603390274,-2.1149378663442473,4182.147994999999,4191.80895282114,4172.487037178858
143,2019-05-24 13:20:00,4179.76,4177.41,4179.76,4175.21,-0.8787214733565634,0.17066271359990642,-2.0987683739129395,4181.731999999999,4191.459817086169,4172.004182913829
144,2019-05-24 13:25:00,4177.03,4181.83,4182.61,4175.67,-0.7153271393308387,-0.00653525698624412,-1.4175837646891891,4181.539999999999,4191.090519412652,4171.989480587346
145,2019-05-24 13:30:00,4181.46,4183.16,4183.6899,4180.56,-0.4730641964406459,-0.0998410448771251,-0.7464463031270416,4181.4505,4190.89947761102,4172.0015223889795
146,2019-05-24 13:35:00,4183.25,4183.92,4185.84,4182.26,-0.21723992733041086,-0.12332082136778237,-0.187838211925257,4181.579,4191.091907353412,4172.066092646587
147,2019-05-24 13:40:00,4183.76,4186.32,4187.28,4181.77,0.17711881941522734,-0.06323289321118018,0.48070342525281506,4181.9305,4191.605423581849,4172.255576418152
148,2019-05-24 13:45:00,4187.07,4183.07,4187.75,4182.32,0.22481411784428929,-0.005623491000086097,0.4608752176887508,4182.2519999999995,4191.608804672698,4172.895195327301
149,2019-05-24 13:50:00,4183.09,4184.62,4186.06,4180.9799,0.38326584754668147,0.07215437670926762,0.6222229416748277,4182.6785,4191.621131839081,4173.735868160919
150,2019-05-24 13:55:00,4185.72,4184.91,4188.54,4184.33,0.5261749295668778,0.16295848728078988,0.7264328845721759,4182.8435,4191.8248145796015,4173.862185420398
151,2019-05-24 14:00:00,4184.83,4185.72,4187.32,4184.33,0.6967593062845481,0.26971865108154175,0.8540813104060127,4183.282,4191.900820532255,4174.663179467745
152,2019-05-24 14:05:00,4185.34,4188.43,4190.6899,4184.9799,1.0386485274066217,0.42350462634655794,1.2302878021201276,4183.602000000001,4192.495944953783,4174.708055046219
153,2019-05-24 14:10:00,4189.59,4181.38,4189.59,4181.38,0.7322845245353165,0.4852606059843097,0.4940478371020135,4183.094000000001,4191.205069499139,4174.9829305008625
154,2019-05-24 14:15:00,4181.3,4179.79,4182.96,4179.79,0.3570738055113907,0.4596232458897258,-0.20509888075667027,4182.515000000001,4189.743879217117,4175.2861207828855
155,2019-05-24 14:20:00,4180.62,4183.6899,4184.07,4178.8,0.3701374637130357,0.44172608945438774,-0.1431772514827041,4182.388495000001,4189.430513172205,4175.346476827797
156,2019-05-24 14:25:00,4184.17,4189.88,4190.45,4183.46,0.8699489862865448,0.5273706688208192,0.6851566349314513,4182.669995000001,4190.438015759958,4174.901974240044
157,2019-05-24 14:30:00,4190.9,4200.02,4201.91,4189.97,2.060510184892337,0.833998572035123,2.4530232257144275,4183.386995000001,4194.325155717163,4172.448834282838
158,2019-05-24 14:35:00,4200.1,4190.77,4200.57,4189.33,2.2319159675271294,1.1135820511335244,2.23666783278721,4183.733495000001,4195.160225100067,4172.306764899936
159,2019-05-24 14:40:00,4190.81,4189.34,4192.54,4189.06,2.226699684457344,1.3362055777982884,1.7809882133181114,4184.308995000001,4195.642837232368,4172.975152767634
160,2019-05-24 14:45:00,4189.9,4188.46,4190.57,4187.09,2.127038183019067,1.4943720988424443,1.265332168353246,4184.905995000001,4195.760051949061,4174.051938050941
161,2019-05-24 14:50:00,4189.01,4184.52,4189.16,4184.25,1.7104151772855403,1.5375807145310636,0.34566892550895334,4185.344495000001,4195.313618129933,4175.375371870069
162,2019-05-24 14:55:00,4184.78,4182.5,4184.78,4180.99,1.2033701663049214,1.4707386048858353,-0.5347368771618277,4185.486995000001,4195.191350825081,4175.782639174921
163,2019-05-24 15:00:00,4183.15,4184.66,4184.66,4181.41,0.9647062322874262,1.3695321303661536,-0.8096517961574548,4185.849495000001,4194.795495893124,4176.9034941068785
164,2019-05-27 09:35:00,4177.52,4156.38,4181.62,4156.3,-1.489222997048273,0.7977811048832683,-4.574008203863083,4184.576995000001,4200.471758105826,4168.682231894177
165,2019-05-27 09:40:00,4155.51,4165.62,4169.8,4150.43,-2.6577537664970805,0.10667413060719837,-5.528855794208558,4183.699995000001,4201.717727797406,4165.682262202596
166,2019-05-27 09:45:00,4166.13,4169.33,4169.96,4161.4399,-3.2470277972761323,-0.564066254969468,-5.365923084613328,4182.970495000001,4202.097982804365,4163.843007195638
167,2019-05-27 09:50:00,4169.56,4158.1,4169.72,4155.97,-4.567544975428973,-1.3647619990613693,-6.405565952735207,4181.559495000001,4203.589821795503,4159.5291682045
168,2019-05-27 09:55:00,4158.11,4159.39,4159.62,4154.93,-5.447180597433544,-2.1812457187358048,-6.531869757395478,4180.375495000002,4204.508941684302,4156.242048315702
169,2019-05-27 10:00:00,4158.64,4162.84,4167.28,4158.64,-5.7990644927022,-2.904809473529084,-5.7885100383462325,4179.286495000002,4204.552531176339,4154.020458823666
170,2019-05-27 10:05:00,4163.62,4160.28,4163.62,4158.21,-6.212886931584762,-3.56642496514022,-5.292923932889085,4178.054995000001,4204.53859855908,4151.5713914409225
171,2019-05-27 10:10:00,4161.13,4160.78,4162.1899,4157.6899,-6.42641866086251,-4.138423704284678,-4.575989913155663,4176.807995000001,4204.108019845194,4149.507970154808
172,2019-05-27 10:15:00,4159.88,4159.9,4163.14,4158.9399,-6.590679360400827,-4.628874835507908,-3.9236090497858385,4175.381495000001,4203.10283465512,4147.660155344883
173,2019-05-27 10:20:00,4159.84,4156.45,4161.87,4155.14,-6.9194794483955775,-5.086995758085442,-3.6649673806202703,4174.134995000001,4202.941388256045,4145.328601743958
174,2019-05-27 10:25:00,4156.59,4153.89,4156.59,4148.39,-7.302448122817623,-5.530086231031879,-3.544723783571488,4172.839995000001,4202.878320098742,4142.8016699012605
175,2019-05-27 10:30:00,4154.5,4154.7,4156.12,4151.81,-7.454660695764687,-5.915001123978441,-3.0793191435724925,4171.390500000001,4202.016419174157,4140.764580825846
176,2019-05-27 10:35:00,4153.84,4159.97,4160.49,4152.15,-7.0685637582728305,-6.14571365083732,-1.8457002148710213,4169.895000000001,4199.627433823209,4140.162566176794
177,2019-05-27 10:40:00,4159.59,4154.26,4160.54,4154.26,-7.141010815244044,-6.344773083718666,-1.5924754630507572,4167.607000000001,4194.484196047341,4140.72980395266
178,2019-05-27 10:45:00,4153.56,4153.52,4156.55,4151.92,-7.175423557810063,-6.510903178536946,-1.3290407585462347,4165.744500000001,4190.975488861837,4140.513511138164
179,2019-05-27 10:50:00,4153.62,4152.33,4154.18,4151.34,-7.215542577399901,-6.651831058309538,-1.1274230381807264,4163.894000000001,4187.1933222399475,4140.594677760055
180,2019-05-27 10:55:00,4150.9399,4151.06,4152.36,4146.9,-7.266056898228271,-6.774676226293286,-0.9827613438699707,4162.024,4182.898878783104,4141.149121216897
181,2019-05-27 11:00:00,4150.0,4147.15,4150.16,4145.34,-7.534738160080451,-6.92668861305072,-1.2160990940594623,4160.1555,4179.15800784,4141.1529921599995
182,2019-05-27 11:05:00,4146.76,4145.43,4148.07,4143.9799,-7.796585328173023,-7.100667956075181,-1.391834744195684,4158.302000000001,4175.248088634217,4141.355911365784
183,2019-05-27 11:10:00,4145.68,4145.34,4146.4399,4138.68,-7.920065739270285,-7.264547512714202,-1.311036453112166,4156.336,4168.985304370256,4143.6866956297445
184,2019-05-27 11:15:00,4144.37,4148.38,4151.4,4143.91,-7.684045507061455,-7.348447111583653,-0.6711967909556051,4155.936,4169.075889288919,4142.7961107110805
185,2019-05-27 11:20:00,4148.2299,4146.17,4148.84,4143.35,-7.587858090791087,-7.396329307425139,-0.38305756673189606,4154.9635,4167.963897200361,4141.963102799638
186,2019-05-27 11:25:00,4147.2,4160.95,4160.95,4145.02,-6.24699553163191,-7.166462552266495,1.8389340412691695,4154.5445,4166.049461812824,4143.039538187176
187,2019-05-27 11:30:00,4163.21,4173.89,4177.59,4163.21,-4.093021142864927,-6.551774270386181,4.9175062550425075,4155.334,4169.682080964616,4140.985919035384
188,2019-05-27 13:05:00,4174.45,4168.75,4177.17,4166.35,-2.768818568466486,-5.7951831300022425,6.052729123071513,4155.802,4171.273724430096,4140.330275569903
189,2019-05-27 13:10:00,4170.34,4173.59,4176.45,4170.34,-1.3136877283832291,-4.89888404967844,7.170392642590421,4156.3395,4173.495926415987,4139.183073584013
190,2019-05-27 13:15:00,4174.47,4190.46,4191.61,4173.9399,1.187097311688376,-3.6816877774050765,9.737570178186905,4157.8485,4180.7958927196605,4134.90110728034
191,2019-05-27 13:20:00,4192.3,4187.1,4193.4399,4186.37,2.8648395530772177,-2.3723823113086175,10.474443728771671,4159.164500000001,4185.576968726139,4132.7520312738625
192,2019-05-27 13:25:00,4186.81,4190.96,4192.54,4185.65,4.454582345186282,-1.0069893800096374,10.923143450391837,4160.717500000001,4190.720533443107,4130.714466556894
193,2019-05-27 13:30:00,4191.5,4202.15,4202.43,4191.33,6.541992146945631,0.5028069253814168,12.07837044312843,4163.0025000000005,4198.1559398256795,4127.8490601743215
194,2019-05-27 13:35:00,4202.4799,4200.05,4206.34,4199.17,7.9353532300228835,1.9893161863097106,11.892074087426346,4165.310500000001,4203.843665195696,4126.7773348043065
195,2019-05-27 13:40:00,4200.16,4200.05,4202.05,4199.2299,8.93658651284295,3.378770251616359,11.115632522453183,4167.578000000001,4208.730455755831,4126.425544244172
196,2019-05-27 13:45:00,4200.14,4195.01,4200.14,4194.4,9.217135910449542,4.546443383382996,9.341385054133093,4169.330000000001,4212.071536065775,4126.588463934227
197,2019-05-27 13:50:00,4194.67,4202.84,4204.24,4194.67,9.95651622400328,5.628457951507053,8.656116544992456,4171.759000000001,4216.37502067701,4127.142979322992
198,2019-05-27 13:55:00,4203.65,4208.78,4209.4799,4203.11,10.896184272340179,6.68200321567368,8.428362113332998,4174.522000000001,4221.179789150578,4127.864210849424
199,2019-05-27 14:00:00,4208.2299,4207.49,4211.39,4206.67,11.405312423690702,7.626665057277085,7.557294732827234,4177.280000000001,4224.925140029385,4129.634859970616
200,2019-05-27 14:05:00,4207.06,4202.31,4207.79,4199.1,11.261007626114406,8.35353357104455,5.81494811013971,4179.842500000001,4227.060842499708,4132.624157500293
201,2019-05-27 14:10:00,4202.78,4203.07,4205.47,4201.29,11.080244507988937,8.898875758433428,4.362737499111017,4182.638500000001,4228.302792752985,4136.974207247017
202,2019-05-27 14:15:00,4203.02,4214.58,4214.64,4203.02,11.730526885160543,9.465205983778851,4.530641802763384,4186.0960000000005,4230.347748891977,4141.844251108024
203,2019-05-27 14:20:00,4213.57,4218.31,4218.31,4212.41,12.403875973600407,10.052939981743164,4.7018719837144864,4189.744500000001,4231.82710371921,4147.661896280792
204,2019-05-27 14:25:00,4217.74,4215.9399,4222.74,4215.77,12.60100618078377,10.562553221551285,4.07690591846497,4193.1224950000005,4231.944494762757,4154.300495237244
205,2019-05-27 14:30:00,4215.06,4212.82,4216.4,4211.83,12.36297082960482,10.922636743161993,2.8806681728856525,4196.454995000001,4229.287248727739,4163.622741272263
206,2019-05-27 14:35:00,4213.37,4214.57,4216.4399,4212.03,12.175188461552352,11.173147086840066,2.0040827494245725,4199.135995000001,4228.3145333249295,4169.957456675072
207,2019-05-27 14:40:00,4214.28,4208.53,4214.46,4207.86,11.407493623146365,11.220016394101327,0.37495445809007677,4200.8679950000005,4227.759509238165,4173.976480761836
208,2019-05-27 14:45:00,4209.47,4204.6,4210.05,4203.81,10.362519136135234,11.04851694250811,-1.3719956127457529,4202.660495000001,4224.917748999548,4180.403241000454
209,2019-05-27 14:50:00,4205.12,4205.53,4206.77,4202.33,9.49990357187653,10.738794268381795,-2.477781393010531,4204.257495000001,4221.820690000681,4186.694299999321
210,2019-05-27 14:55:00,4205.95,4213.16,4214.37,4204.49,9.324465075304943,10.455928429766425,-2.262926708922965,4205.392495000001,4222.115198543082,4188.6697914569195
211,2019-05-27 15:00:00,4213.16,4210.37,4213.16,4210.26,8.858187464704315,10.136380236754004,-2.5563855440993777,4206.555995000001,4221.003121126175,4192.108868873826
212,2019-05-28 09:35:00,4204.88,4208.68,4210.58,4200.6899,8.257107436998922,9.760525676802988,-3.0068364796081326,4207.441995,4219.898181967476,4194.985808032524
213,2019-05-28 09:40:00,4208.4,4215.07,4215.07,4207.46,8.201821256750009,9.448784792792393,-2.4939270720847695,4208.087995,4220.72735499047,4195.448635009529
214,2019-05-28 09:45:00,4215.27,4217.3,4217.4399,4213.13,8.242929551095585,9.207613744453033,-1.929368386714895,4208.950495,4221.63452803869,4196.26646196131
215,2019-05-28 09:50:00,4218.12,4223.02,4223.22,4216.61,8.637496654971073,9.093590326556642,-0.9121873431711371,4210.098995,4223.527585174081,4196.67040482592
216,2019-05-28 09:55:00,4223.96,4225.39,4227.96,4223.62,9.037257233714627,9.08232370798824,-0.09013294854722531,4211.6179950000005,4224.729205595688,4198.506784404313
217,2019-05-28 10:00:00,4224.78,4233.84,4233.84,4223.61,9.921545320625228,9.250168030515637,1.3427545802191823,4213.167995000001,4228.964447403866,4197.371542596135
218,2019-05-28 10:05:00,4234.64,4234.1899,4236.9799,4232.97,10.529209827045634,9.505976389821637,2.0464668744479937,4214.4384900000005,4232.651500990755,4196.225479009246
219,2019-05-28 10:10:00,4234.43,4241.14,4241.14,4232.9399,11.439733164859717,9.892727744829253,3.0940108400609283,4216.12099,4237.562285141604,4194.679694858397
220,2019-05-28 10:15:00,4241.68,4236.35,4243.2,4236.29,11.640630572105692,10.242308310284542,2.7966445236423,4217.822990000001,4240.038426658747,4195.607553341254
221,2019-05-28 10:20:00,4236.2,4232.54,4238.09,4232.16,11.361440452949864,10.466134738817608,1.790611428264512,4219.296490000001,4241.300137293881,4197.292842706121
222,2019-05-28 10:25:00,4232.22,4236.86,4237.04,4231.56,11.3578420234835,10.644476195750787,1.4267316554654244,4220.41049,4243.631052725894,4197.189927274107
223,2019-05-28 10:30:00,4235.9,4237.84,4238.66,4235.68,11.303765279177242,10.77633401243608,1.054862533482325,4221.386990000001,4245.845241212645,4196.928738787356
224,2019-05-28 10:35:00,4238.74,4236.12,4239.85,4234.42,10.995371647689353,10.820141539486736,0.35046021640523506,4222.395995000001,4247.562839191684,4197.229150808317
225,2019-05-28 10:40:00,4234.9399,4238.43,4239.04,4232.36,10.812722824083721,10.818657796406134,-0.011869944644825381,4223.676495,4249.391957284086,4197.9610327159135
226,2019-05-28 10:45:00,4238.67,4241.22,4242.9399,4238.24,10.768964078162753,10.808719052757459,-0.07950994918941134,4225.008994999999,4251.488138505786,4198.529851494212
227,2019-05-28 10:50:00,4240.82,4243.16,4243.16,4239.11,10.766714753941415,10.80031819299425,-0.06720687810567227,4226.740495,4253.211447521387,4200.269542478613
228,2019-05-28 10:55:00,4242.14,4244.46,4245.8,4242.14,10.74595856000633,10.789446266396668,-0.08697541278067789,4228.7334949999995,4254.167484540314,4203.299505459685
229,2019-05-28 11:00:00,4244.83,4252.0,4252.0,4244.43,11.208716988125161,10.873300410742369,0.6708331547655852,4231.056995,4256.052456454979,4206.061533545021
230,2019-05-28 11:05:00,4251.75,4248.01,4252.83,4246.78,11.125251750501775,10.923690678694252,0.4031221436150467,4232.799494999999,4257.397518099426,4208.201471900573
231,2019-05-28 11:10:00,4247.57,4244.38,4248.84,4241.95,10.643502617168451,10.867653066389092,-0.44830089844128196,4234.499995,4257.198197395782,4211.8017926042185
232,2019-05-28 11:15:00,4245.07,4250.27,4251.99,4243.85,10.614627902891698,10.817048033689614,-0.4048402615958331,4236.579495,4256.803370274948,4216.355619725052
233,2019-05-28 11:20:00,4250.9799,4253.9399,4254.49,4249.39,10.76379639413608,10.806397705778908,-0.08520262328565664,4238.5229899999995,4257.474208281668,4219.571771718331
234,2019-05-28 11:25:00,4253.95,4249.96,4255.05,4246.57,10.440517051866664,10.73322157499646,-0.585409046259592,4240.155989999999,4256.908129322343,4223.403850677656
235,2019-05-28 11:30:00,4249.36,4253.47,4254.1899,4249.36,10.348255261039412,10.656228312205052,-0.6159461023312787,4241.678489999999,4257.374771157999,4225.982208842
236,2019-05-28 13:05:00,4253.34,4246.36,4254.4,4246.36,9.59086206623033,10.443155063010108,-1.704585993559558,4242.726989999999,4256.529258957689,4228.924721042309
237,2019-05-28 13:10:00,4247.4799,4244.3,4248.46,4243.26,8.7238347833827,10.099291007084627,-2.7509124474038558,4243.249989999999,4256.412238040329,4230.08774195967
238,2019-05-28 13:15:00,4245.82,4250.36,4252.05,4244.15,8.428541781787317,9.765141162025166,-2.6731987604756995,4244.058494999999,4256.859038398813,4231.257951601186
239,2019-05-28 13:20:00,4250.32,4248.55,4252.36,4248.55,7.956747644586358,9.403462458537405,-2.893429627902094,4244.428995,4257.302604707651,4231.5553852923495
240,2019-05-28 13:25:00,4251.15,4254.9799,4258.67,4248.1,8.009359667921672,9.12464190041426,-2.230564464985175,4245.36049,4258.466651308867,4232.254328691133
241,2019-05-28 13:30:00,4256.59,4253.66,4257.61,4253.22,7.854013992662658,8.87051631886394,-2.033004652402564,4246.4164900000005,4258.539791943879,4234.293188056122
242,2019-05-28 13:35:00,4254.37,4251.39,4254.67,4250.0,7.461717365160439,8.58875652812324,-2.254078325925601,4247.14299,4258.576844562165,4235.709135437835
243,2019-05-28 13:40:00,4251.7299,4247.89,4254.22,4247.02,6.7901263639923854,8.229030495297069,-2.877808262609367,4247.645490000001,4258.208027267019,4237.082952732982
244,2019-05-28 13:45:00,4248.32,4250.7299,4251.18,4247.02,6.413115448701319,7.865847485977919,-2.9054640745531994,4248.375985000001,4257.506020748059,4239.245949251942
245,2019-05-28 13:50:00,4251.08,4243.56,4251.08,4242.97,5.472694758108446,7.387216940404024,-3.829044364591157,4248.632485,4256.826239033459,4240.438730966541
246,2019-05-28 13:55:00,4244.39,4246.99,4247.32,4242.68,4.94714926112465,6.89920340454815,-3.9041082868469985,4248.920985000001,4256.390104621396,4241.451865378605
247,2019-05-28 14:00:00,4247.02,4242.6899,4247.02,4241.86,4.135991403156368,6.346561004269794,-4.421139202226852,4248.8974800000005,4256.445476946146,4241.349483053855
248,2019-05-28 14:05:00,4243.72,4233.14,4243.72,4231.88,2.6915196784511863,5.615552739106072,-5.848066121309772,4248.33148,4258.51731177205,4238.14564822795
249,2019-05-28 14:10:00,4232.75,4230.96,4234.05,4227.9399,1.3552353401491928,4.763489259314697,-6.816507838331008,4247.27948,4259.9202182414365,4234.638741758564
250,2019-05-28 14:15:00,4231.0,4232.04,4232.75,4229.39,0.37899848974120687,3.8865911053999986,-7.0151852313175835,4246.48098,4260.829647987477,4232.1323120125235
251,2019-05-28 14:20:00,4231.45,4232.3,4233.3,4228.55,-0.36943777189753746,3.0353853299404916,-6.809646203676058,4245.87698,4261.55358042108,4230.20037957892
252,2019-05-28 14:25:00,4232.18,4235.71,4236.04,4232.12,-0.6795865501426306,2.292390953923867,-5.9439550081329955,4245.14898,4261.311374502253,4228.986585497747
253,2019-05-28 14:30:00,4234.6899,4230.92,4235.34,4229.55,-1.2969442920484653,1.5745239047294006,-5.742936393555732,4243.997985,4260.7908220620475,4227.2051479379525
254,2019-05-28 14:35:00,4230.39,4217.62,4230.39,4217.62,-2.8268177986301453,0.6942555640574913,-7.042146725375273,4242.380985,4262.629211581809,4222.132758418191
255,2019-05-28 14:40:00,4218.61,4214.4399,4219.38,4212.43,-4.24690538514551,-0.29397662578310924,-7.905857518724802,4240.42948,4263.503850701898,4217.3551092981015
256,2019-05-28 14:45:00,4212.56,4207.07,4217.0,4206.9,-5.899024086683312,-1.4149861179631502,-8.968075937440323,4238.464979999999,4265.72406792551,4211.205892074488
257,2019-05-28 14:50:00,4208.4799,4205.74,4211.66,4204.65,-7.232290600848501,-2.5784470145402207,-9.30768717261656,4236.536979999999,4267.289157780378,4205.784802219619
258,2019-05-28 14:55:00,4206.4799,4214.62,4214.62,4202.77,-7.4860772945285134,-3.5599730705378803,-7.852208447981266,4234.749979999999,4266.264283626402,4203.235676373595
259,2019-05-28 15:00:00,4213.76,4249.2299,4249.2299,4213.76,-4.838697902531749,-3.815718036936654,-2.045959731190189,4234.783974999999,4266.362359512616,4203.205590487382
260,2019-05-29 09:35:00,4218.14,4214.91,4224.09,4211.83,-5.44716819858877,-4.142008069267078,-2.610320258643384,4232.780479999999,4264.046715029674,4201.514244970325
261,2019-05-29 09:40:00,4214.17,4214.25,4216.93,4211.53,-5.914463522184633,-4.496499159850589,-2.835928724668088,4230.809979999999,4261.49774485154,4200.122215148458
262,2019-05-29 09:45:00,4213.51,4215.34,4215.84,4207.06,-6.126225231408171,-4.822444374162106,-2.60756171449213,4229.007479999998,4258.82821726725,4199.186742732747
263,2019-05-29 09:50:00,4215.74,4219.13,4222.28,4210.45,-5.919984687966462,-5.041952436922977,-1.7560645020869696,4227.569479999999,4256.310504897015,4198.828455102984
264,2019-05-29 09:55:00,4220.01,4217.61,4220.01,4215.05,-5.812189564727305,-5.195999862483843,-1.2323794044869238,4225.913484999999,4252.792005992813,4199.034964007185
265,2019-05-29 10:00:00,4216.89,4210.24,4218.17,4210.24,-6.249419144782223,-5.40668371894352,-1.6854708516774064,4224.247484999999,4250.6468799353115,4197.848090064686
266,2019-05-29 10:05:00,4212.05,4214.59,4215.55,4208.8,-6.173750934140116,-5.560097161982839,-1.227307544314554,4222.627484999999,4247.053378420131,4198.201591579867
267,2019-05-29 10:10:00,4215.22,4218.55,4219.15,4212.9,-5.72821315193687,-5.593720359973646,-0.2689855839264492,4221.420489999999,4243.987134827722,4198.853845172275
268,2019-05-29 10:15:00,4220.32,4217.9799,4220.41,4215.57,-5.359344369227983,-5.546845161824514,0.37500158519306126,4220.662484999999,4242.580769808592,4198.744200191406
269,2019-05-29 10:20:00,4218.75,4221.81,4222.46,4213.35,-4.703734418715612,-5.378223013202734,1.348977188974244,4220.2049849999985,4241.593841385437,4198.81612861456
270,2019-05-29 10:25:00,4222.52,4215.87,4222.52,4214.61,-4.610322241504036,-5.224642858862995,1.2286412347179176,4219.396484999999,4240.113608164008,4198.679361835991
271,2019-05-29 10:30:00,4217.03,4218.95,4220.11,4215.14,-4.238898772454377,-5.027494041581272,1.5771905382537899,4218.728984999999,4238.535861463625,4198.922108536372
272,2019-05-29 10:35:00,4221.38,4220.55,4222.43,4217.59,-3.7719556127731266,-4.776386355819643,2.008861486093032,4217.970984999998,4236.133720897639,4199.808249102357
273,2019-05-29 10:40:00,4221.57,4214.46,4224.54,4213.93,-3.848943671251618,-4.590897818906038,1.48390829530884,4217.147984999999,4234.303969555436,4199.992000444561
274,2019-05-29 10:45:00,4214.09,4213.54,4216.2299,4212.65,-3.9387896580883535,-4.460476186742501,1.0433730573082958,4216.943984999999,4234.173210576971,4199.714759423027
275,2019-05-29 10:50:00,4213.57,4213.64,4214.42,4210.21,-3.956318113209818,-4.359644572035965,0.8066529176522934,4216.903989999999,4234.161381396504,4199.646598603494
276,2019-05-29 10:55:00,4212.05,4213.15,4215.63,4211.77,-3.9640533060783127,-4.2805263188444345,0.6329460255322434,4217.207989999998,4233.942260925623,4200.473719074374
277,2019-05-29 11:00:00,4213.53,4214.66,4216.76,4213.53,-3.8044834053189334,-4.185317736139334,0.761668661640801,4217.653989999998,4233.556120275086,4201.75185972491
278,2019-05-29 11:05:00,4215.91,4216.09,4217.26,4213.45,-3.522034242033442,-4.052661037318155,1.061253590569427,4217.727489999998,4233.584098942631,4201.870881057366
279,2019-05-29 11:10:00,4216.24,4216.91,4218.85,4214.12,-3.1951919147886656,-3.881167212812257,1.3719505960471832,4216.111494999998,4221.737372827163,4210.485617172833
280,2019-05-29 11:15:00,4217.31,4221.53,4221.7299,4216.64,-2.534159414494752,-3.6117656531487565,2.155212477308009,4216.4424949999975,4222.530710839234,4210.354279160761
281,2019-05-29 11:20:00,4222.83,4221.4399,4223.01,4218.71,-1.994564613242801,-3.288325445167565,2.587521663849528,4216.801989999998,4223.18696507406,4210.417014925936
282,2019-05-29 11:25:00,4220.59,4223.35,4223.64,4219.9,-1.3967024229868912,-2.9100008407314304,3.0265968354890784,4217.202489999998,4224.1788194829205,4210.226160517075
283,2019-05-29 11:30:00,4223.68,4222.17,4223.9399,4220.01,-1.006506092440759,-2.5293018910732963,3.0455915972650747,4217.354489999998,4224.633549407249,4210.075430592747
284,2019-05-29 13:05:00,4221.87,4230.26,4231.66,4221.87,-0.04397043657991162,-2.0322356001746193,3.9765303271894155,4217.986989999998,4227.279467215556,4208.694512784439
285,2019-05-29 13:10:00,4231.15,4227.41,4231.6899,4226.11,0.483303600821273,-1.5291277599754407,4.024862721593427,4218.845489999998,4228.2956356319355,4209.39534436806
286,2019-05-29 13:15:00,4227.7299,4226.51,4230.49,4224.8,0.8191074352580472,-1.0594807209287431,3.7571763123735806,4219.441489999997,4229.2580297227305,4209.624950277264
287,2019-05-29 13:20:00,4224.88,4227.6899,4229.37,4224.49,1.1669901267732712,-0.6141865513883401,3.5623533563232224,4219.898484999997,4230.369455116572,4209.427514883422
288,2019-05-29 13:25:00,4226.81,4231.99,4231.99,4226.81,1.769276678438473,-0.13749390542297735,3.8135411677229007,4220.598989999997,4232.328443647326,4208.869536352668
289,2019-05-29 13:30:00,4231.56,4238.83,4239.08,4231.03,2.7666319347272292,0.4433312626070641,4.64660134424033,4221.449989999997,4235.739659098653,4207.160320901342
290,2019-05-29 13:35:00,4238.82,4237.83,4242.93,4236.05,3.436734976734442,1.04201200543254,4.7894459426038045,4222.547989999997,4238.329264134457,4206.766715865538
291,2019-05-29 13:40:00,4238.08,4247.43,4248.9399,4238.08,4.688391377306289,1.77128787980729,5.834206994997997,4223.971989999997,4243.158576777487,4204.785403222508
292,2019-05-29 13:45:00,4248.62,4262.28,4267.51,4248.62,6.800220279256791,2.7770743596971905,8.046291839119203,4226.058489999998,4251.67640417783,4200.440575822166
293,2019-05-29 13:50:00,4262.81,4258.75,4264.29,4257.76,8.09569625342101,3.8407987384419555,8.50979502995811,4228.272989999997,4257.12268361584,4199.423296384153
294,2019-05-29 13:55:00,4258.11,4245.9399,4259.22,4244.7299,7.996523341530519,4.671943659059669,6.649159364941701,4229.892984999997,4258.897590593685,4200.888379406309
295,2019-05-29 14:00:00,4246.55,4246.88,4250.6,4246.13,7.902689027740962,5.318092732795928,5.169192589890068,4231.554984999997,4260.447428809175,4202.662541190819
296,2019-05-29 14:05:00,4247.11,4243.58,4247.9,4240.07,7.475865117788999,5.749647209794543,3.4524358159889115,4233.076484999998,4261.079234815783,4205.073735184213
297,2019-05-29 14:10:00,4243.72,4245.8,4247.27,4242.77,7.23335789353041,6.046389346541718,2.3739370939773856,4234.633484999998,4261.774316236991,4207.4926537630045
298,2019-05-29 14:15:00,4246.96,4251.41,4251.41,4245.54,7.408449294497586,6.318801336132892,2.179295916729389,4236.399484999998,4263.0519576638635,4209.747012336133
299,2019-05-29 14:20:00,4250.96,4252.05,4254.14,4248.2299,7.5122565255123845,6.557492374008791,1.9095283030071872,4238.156484999998,4264.020666836808,4212.292303163187
300,2019-05-29 14:25:00,4251.7,4241.61,4252.7299,4239.97,6.6751567034334585,6.581025239893725,0.18826292707946735,4239.1604849999985,4263.838909317677,4214.4820606823205
301,2019-05-29 14:30:00,4241.76,4246.76,4247.01,4241.06,6.354065313414139,6.535633254597808,-0.36313588236733807,4240.426489999998,4263.842836515373,4217.010143484623
302,2019-05-29 14:35:00,4247.71,4246.29,4247.71,4243.28,5.992594106837714,6.42702542504579,-0.8688626364161518,4241.573489999997,4263.678536617925,4219.468443382069
303,2019-05-29 14:40:00,4245.79,4245.95,4246.74,4241.89,5.613975992208907,6.264415538478414,-1.3008790925390148,4242.762489999997,4262.947899811666,4222.577080188329
304,2019-05-29 14:45:00,4245.41,4241.91,4246.96,4240.14,4.931081731566337,5.997748777096,-2.133334091059325,4243.344989999998,4262.66511592314,4224.024864076856
305,2019-05-29 14:50:00,4239.52,4239.85,4242.85,4239.22,4.175525467749139,5.633304115226628,-2.9155572949549775,4243.966989999998,4261.87654570173,4226.057434298266
306,2019-05-29 14:55:00,4240.49,4237.56,4240.7299,4234.56,3.35330303351202,5.177303898883707,-3.648001730743374,4244.519489999998,4260.7660817190645,4228.272898280931
307,2019-05-29 15:00:00,4237.1,4232.78,4237.65,4232.78,2.289586846779457,4.599760488462858,-4.620347283366801,4244.773994999998,4260.040441502051,4229.507548497944
308,2019-05-30 09:35:00,4226.11,4220.35,4228.99,4220.22,0.43853186466185434,3.767514763702657,-6.657965798081605,4244.191994999998,4262.159113331464,4226.2248766685325
309,2019-05-30 09:40:00,4220.35,4220.88,4227.9,4218.61,-0.9744431995586638,2.819123171050393,-7.587132741218113,4243.294494999998,4263.977416334432,4222.611573665565
310,2019-05-30 09:45:00,4220.65,4217.45,4223.43,4217.45,-2.3439884128301856,1.786500854274277,-8.260978534208926,4242.275494999998,4265.892083113576,4218.6589068864205
311,2019-05-30 09:50:00,4216.4799,4207.65,4216.4799,4205.1,-4.1720481848778945,0.5947910464438424,-9.533678462643474,4240.286494999998,4268.35600992765,4212.216980072345
312,2019-05-30 09:55:00,4206.84,4206.72,4211.27,4202.26,-5.630932072549513,-0.650353577354829,-9.961156990389368,4237.508494999997,4267.354286623291,4207.662703376704
313,2019-05-30 10:00:00,4204.34,4204.62,4209.4799,4203.49,-6.8772834708906885,-1.8957395560620014,-9.963087829657374,4234.801994999997,4266.308426398246,4203.295563601748
314,2019-05-30 10:05:00,4201.6,4201.31,4204.58,4196.77,-8.039441592421099,-3.1244799633338216,-9.829923258174555,4232.570499999997,4266.946690337252,4198.194309662742
315,2019-05-30 10:10:00,4199.45,4200.4799,4203.75,4198.38,-8.92456557262085,-4.284497085191228,-9.280136974859243,4230.2504949999975,4266.757388506493,4193.743601493502
316,2019-05-30 10:15:00,4202.33,4202.55,4203.36,4199.14,-9.351198143179317,-5.297837296788846,-8.106721692780942,4228.198994999997,4266.135359234411,4190.262630765583
317,2019-05-30 10:20:00,4200.21,4198.63,4200.9399,4196.3,-9.891594622746197,-6.216588761980317,-7.350011721531761,4225.840494999998,4265.014402446823,4186.666587553173
318,2019-05-30 10:25:00,4198.01,4197.83,4200.91,4195.92,-10.266075116733191,-7.026486032930893,-6.479178167604596,4223.161494999998,4262.301120341234,4184.021869658761
319,2019-05-30 10:30:00,4197.72,4198.7,4198.7,4193.76,-10.37307749673164,-7.695804325691043,-5.354546342081193,4220.493994999997,4258.6021007347945,4182.3858892652
320,2019-05-30 10:35:00,4199.5,4203.38,4203.38,4196.75,-9.9653662275432,-8.149716706061474,-3.6312990429634517,4218.582494999997,4256.060932858524,4181.10405714147
321,2019-05-30 10:40:00,4203.38,4203.8,4204.02,4197.9,-9.498864620886707,-8.41954628902652,-2.1586366637203724,4216.434494999998,4251.988103110327,4180.880886889669
322,2019-05-30 10:45:00,4203.86,4201.36,4204.1,4199.38,-9.219766614290165,-8.579590354079249,-1.2803525204218325,4214.187994999998,4247.39938956207,4180.976600437927
323,2019-05-30 10:50:00,4200.31,4199.89,4203.81,4199.11,-9.013296476762662,-8.666331578615932,-0.6939297962934603,4211.8849949999985,4242.073058102728,4181.696931897269
324,2019-05-30 10:55:00,4200.27,4198.86,4201.32,4195.71,-8.830981736799004,-8.699261610252547,-0.26344025309291297,4209.732494999998,4236.893808143583,4182.571181856414
325,2019-05-30 11:00:00,4198.61,4193.24,4199.07,4192.81,-9.0358236728689,-8.766574022775819,-0.5384993001861638,4207.401994999998,4231.5094915601885,4183.294498439808
326,2019-05-30 11:05:00,4196.41,4197.06,4198.74,4192.07,-8.78861067494563,-8.770981353209782,-0.03525864347169616,4205.376994999998,4225.250294725472,4185.503695274524
327,2019-05-30 11:10:00,4196.21,4204.17,4209.22,4196.21,-7.927590683131712,-8.602303219194168,1.3494250721249124,4203.946494999998,4219.064339097884,4188.828650902113
328,2019-05-30 11:15:00,4205.82,4201.43,4205.82,4199.71,-7.381234955261789,-8.358089566407692,1.9537092222918062,4203.0004949999975,4216.0184437356365,4189.9825462643585
329,2019-05-30 11:20:00,4202.03,4200.84,4205.95,4200.54,-6.916127362712359,-8.069697125668625,2.3071395259125325,4201.998494999997,4211.944445339049,4192.052544660945
330,2019-05-30 11:25:00,4200.79,4200.87,4205.68,4199.6899,-6.470517398603988,-7.749861180255698,2.558687563303419,4201.1694949999965,4207.954289654573,4194.38470034542
331,2019-05-30 11:30:00,4200.97,4199.29,4201.4799,4196.07,-6.173694578874347,-7.434627859979429,2.521866562210164,4200.751494999997,4206.850673707394,4194.6523162926
332,2019-05-30 13:05:00,4199.34,4206.52,4207.7299,4199.34,-5.294033457110345,-7.006508979405612,3.424951044590534,4200.741494999997,4206.799990684355,4194.682999315638
333,2019-05-30 13:10:00,4207.06,4210.63,4216.58,4207.06,-4.216646157072319,-6.448536414938953,4.463780515733269,4201.041994999998,4208.37302827818,4193.710961721816
334,2019-05-30 13:15:00,4211.28,4209.28,4211.28,4207.99,-3.4321786581022025,-5.845264863571604,4.826172410938803,4201.440494999997,4209.64705318743,4193.233936812564
335,2019-05-30 13:20:00,4209.6899,4209.09,4211.12,4207.25,-2.7936109177899198,-5.234934074415268,4.882646313250696,4201.870999999997,4210.741846158987,4193.000153841008
336,2019-05-30 13:25:00,4208.95,4209.42,4212.68,4208.95,-2.2351477489673925,-4.634976809325693,4.7996581207166,4202.214499999996,4211.706359060189,4192.722640939804
337,2019-05-30 13:30:00,4209.39,4209.32,4211.16,4206.76,-1.78011081898876,-4.064003611258306,4.567785584539092,4202.748999999996,4212.588541923311,4192.909458076681
338,2019-05-30 13:35:00,4210.02,4207.17,4212.12,4206.49,-1.5748242120935174,-3.566167731425348,3.982687038663661,4203.215999999996,4212.958642892139,4193.473357107852
339,2019-05-30 13:40:00,4207.08,4206.3,4209.04,4204.37,-1.465442121653723,-3.146022609471023,3.3611609756345997,4203.595999999996,4213.188699855816,4194.003300144176
340,2019-05-30 13:45:00,4206.32,4208.43,4209.05,4206.04,-1.1931291776163562,-2.75544392310009,3.1246294909674672,4203.8484999999955,4213.68013802798,4194.016861972011
341,2019-05-30 13:50:00,4208.16,4205.9399,4209.65,4205.77,-1.1648221225696034,-2.4373195629939928,2.544994880848779,4203.955494999996,4213.831386944767,4194.079603055225
342,2019-05-30 13:55:00,4206.02,4205.11,4206.25,4202.22,-1.1955727532586025,-2.188970201046915,1.986794895576625,4204.142994999996,4213.953580696313,4194.332409303678
343,2019-05-30 14:00:00,4204.67,4208.6899,4209.06,4204.67,-0.9204642986333056,-1.9352690205641931,2.029609443861775,4204.582989999995,4214.379772793141,4194.78620720685
344,2019-05-30 14:05:00,4208.79,4207.82,4209.62,4206.15,-0.7638275971612529,-1.700980735883605,1.8743062774447043,4205.030989999996,4214.541118300711,4195.52086169928
345,2019-05-30 14:10:00,4207.82,4215.42,4217.0,4207.82,-0.026134140486647084,-1.3660114168042135,2.6797545526351327,4206.139989999995,4215.012283123225,4197.2676968767655
346,2019-05-30 14:15:00,4215.87,4215.1,4217.13,4213.71,0.5266015778815927,-0.9874888178670522,3.02818079149729,4207.041989999996,4215.69278261116,4198.391197388833
347,2019-05-30 14:20:00,4214.02,4216.45,4216.45,4212.75,1.0613477779943423,-0.5777214986947733,3.2781385533782315,4207.655989999996,4217.150524897908,4198.161455102083
348,2019-05-30 14:25:00,4216.84,4215.18,4219.34,4215.16,1.3669028034055373,-0.18879663827471108,3.1113988833604966,4208.343489999997,4217.930642218697,4198.756337781296
349,2019-05-30 14:30:00,4215.42,4219.3,4219.97,4214.42,1.9193814950695014,0.23283898839413153,3.3730850133507397,4209.266489999996,4219.353409467219,4199.179570532774
350,2019-05-30 14:35:00,4218.05,4218.55,4220.41,4217.42,2.270532817655294,0.6403777542463641,3.26031012681786,4210.150489999997,4220.237966646619,4200.063013353376
351,2019-05-30 14:40:00,4217.39,4225.01,4225.55,4216.88,3.0351039926981684,1.1193230019367253,3.8315619815228863,4211.436489999997,4222.227573098719,4200.645406901275
352,2019-05-30 14:45:00,4225.9799,4223.09,4228.85,4223.09,3.4463765202372088,1.5847337055968223,3.723285629280773,4212.264989999997,4223.97220486953,4200.557775130464
353,2019-05-30 14:50:00,4224.17,4221.39,4225.65,4220.27,3.5937111042603647,1.986529185329531,3.2143638378616672,4212.8029899999965,4225.164504259195,4200.441475740798
354,2019-05-30 14:55:00,4221.93,4219.87,4222.18,4219.15,3.5469366489596723,2.2986106780555597,2.496651941808225,4213.332489999996,4225.962922605055,4200.702057394938
355,2019-05-30 15:00:00,4219.68,4220.72,4220.72,4217.85,3.537675333279367,2.546423609100321,1.9825034483580914,4213.913989999996,4226.790495897474,4201.037484102519
356,2019-05-31 09:35:00,4214.51,4211.29,4214.53,4205.3,2.7378532160582836,2.5847095304919137,0.30628737113273985,4214.007489999996,4226.77327858971,4201.241701410283
357,2019-05-31 09:40:00,4212.61,4218.93,4218.93,4206.45,2.689470039133994,2.60566163222033,0.16761681382732796,4214.487989999996,4227.23431156809,4201.741668431902
358,2019-05-31 09:45:00,4219.76,4226.01,4228.16,4218.3,3.18570008525694,2.721669322827652,0.9280615248585757,4215.429989999995,4228.67411756465,4202.18586243534
359,2019-05-31 09:50:00,4225.51,4222.6899,4230.38,4221.7,3.273328752900852,2.8320012088422923,0.8826550881171196,4216.249484999995,4229.138492807258,4203.360477192731
360,2019-05-31 09:55:00,4223.25,4230.66,4231.25,4223.06,3.940472253157168,3.053695417705268,1.7735536709037998,4217.360984999995,4231.209115655637,4203.5128543443525
361,2019-05-31 10:00:00,4229.43,4231.5,4232.67,4225.79,4.485265910017006,3.340009516167616,2.2905127876987796,4218.638989999995,4232.764111775771,4204.513868224219
362,2019-05-31 10:05:00,4231.92,4241.67,4241.6899,4229.78,5.672266457014302,3.8064609043369537,3.7316111053546974,4220.466989999995,4236.547561676188,4204.386418323803
363,2019-05-31 10:10:00,4241.72,4239.96,4243.39,4237.88,6.401201170963759,4.325408957662315,4.151584426602888,4222.030494999995,4239.324633727803,4204.736356272188
364,2019-05-31 10:15:00,4240.87,4239.9399,4244.34,4239.26,6.897752286782634,4.839877623486379,4.115749326592509,4223.636489999995,4241.335069090198,4205.937910909793
365,2019-05-31 10:20:00,4238.9,4236.03,4242.43,4233.85,6.896280342916725,5.2511581673724494,3.2902443510885515,4224.666989999996,4242.7471527892485,4206.586827210744
366,2019-05-31 10:25:00,4235.75,4234.6899,4237.66,4231.61,6.709634457062748,5.5428534253105095,2.333562063504477,4225.646484999996,4243.666833608782,4207.626136391209
367,2019-05-31 10:30:00,4234.55,4231.68,4235.1,4230.77,6.2468328717686745,5.683649314602143,1.1263671143330622,4226.407984999996,4244.075748691417,4208.740221308575
368,2019-05-31 10:35:00,4231.87,4227.54,4232.14,4225.49,5.482793648285224,5.64347818133876,-0.3213690661070725,4227.025984999996,4243.886322960119,4210.165647039872
369,2019-05-31 10:40:00,4226.03,4228.67,4230.59,4225.84,4.91184789030558,5.497152123132125,-1.170608465653089,4227.494484999996,4243.967169424541,4211.0218005754505
370,2019-05-31 10:45:00,4230.25,4222.04,4230.31,4220.68,3.8796613518270533,5.173653968871111,-2.5879852340881158,4227.668984999995,4243.813385478933,4211.524584521057
371,2019-05-31 10:50:00,4222.4399,4222.76,4226.32,4221.18,3.084191427357837,4.755761460568457,-3.34314006642124,4227.5564849999955,4243.809890958299,4211.303079041692
372,2019-05-31 10:55:00,4222.9799,4224.41,4225.53,4221.08,2.557436456022515,4.316096459659269,-3.517320007273508,4227.622484999995,4243.810111753106,4211.434858246885
373,2019-05-31 11:00:00,4223.55,4224.64,4226.99,4222.46,2.133939695506342,3.8796651068286834,-3.4914508226446825,4227.784984999996,4243.773202418264,4211.796767581727
374,2019-05-31 11:05:00,4222.87,4216.3,4223.13,4215.63,1.112522692874336,3.326236624037814,-4.427427862326956,4227.606484999996,4244.040277879404,4211.172692120587
375,2019-05-31 11:10:00,4216.52,4217.99,4220.29,4215.99,0.43440370001098927,2.7478700392324495,-4.6269326784429206,4227.469984999996,4244.187519557684,4210.752450442308
376,2019-05-31 11:15:00,4215.68,4214.53,4216.51,4212.6899,-0.3778479747397796,2.1227264364380036,-5.0011488223555665,4227.631984999996,4243.741068643546,4211.522901356447
377,2019-05-31 11:20:00,4213.54,4213.37,4214.59,4211.16,-1.102457144705113,1.4776897202093802,-5.160293729828986,4227.353984999996,4244.267207659179,4210.440762340813
378,2019-05-31 11:25:00,4213.9399,4217.46,4219.64,4213.52,-1.3313394614051504,0.915883883886474,-4.494446690583249,4226.926484999996,4244.405499466467,4209.447470533526
379,2019-05-31 11:30:00,4217.34,4216.8,4218.53,4213.76,-1.5481408267814913,0.42307894175288085,-3.9424395370687444,4226.631989999996,4244.6030969091025,4208.66088309089
380,2019-05-31 13:05:00,4216.88,4220.17,4220.87,4216.64,-1.4315249070405116,0.052158171994202245,-2.9673661580694275,4226.107489999997,4244.195541840096,4208.019438159898
381,2019-05-31 13:10:00,4220.04,4219.67,4221.58,4218.28,-1.3637315236874201,-0.2310197671421223,-2.2654235130905955,4225.515989999996,4243.635234554993,4207.396745444999
382,2019-05-31 13:15:00,4219.81,4224.21,4224.21,4218.42,-0.9329107074008789,-0.3713979551938737,-1.1230255044140103,4224.642989999997,4241.0904780578185,4208.195501942175
383,2019-05-31 13:20:00,4223.68,4225.61,4227.13,4223.16,-0.47306065808879794,-0.3917304957728586,-0.16266032463187863,4223.925489999996,4238.729454897122,4209.12152510287
384,2019-05-31 13:25:00,4225.84,4221.03,4225.84,4220.03,-0.4727444011286934,-0.4079332768440256,-0.12962224856933569,4222.979994999996,4235.753659173635,4210.206330826357
385,2019-05-31 13:30:00,4220.81,4217.77,4221.9799,4216.52,-0.7271662009325155,-0.47177986166172364,-0.5107726785415837,4222.0669949999965,4233.447596181039,4210.686393818954
386,2019-05-31 13:35:00,4218.41,4219.78,4220.21,4216.2,-0.7578708452128922,-0.5289980583719573,-0.45774557368186963,4221.321499999996,4231.05465824753,4211.588341752463
387,2019-05-31 13:40:00,4217.85,4218.08,4220.0,4215.24,-0.9089030212708167,-0.6049790509517292,-0.6078479406381749,4220.641499999996,4229.1509257953285,4212.132074204664
388,2019-05-31 13:45:00,4218.79,4220.39,4222.56,4218.03,-0.8326017002755179,-0.650503580816487,-0.36419623891806197,4220.283999999997,4228.149539496864,4212.41846050313
389,2019-05-31 13:50:00,4217.14,4210.54,4220.03,4210.54,-1.5490881103196443,-0.8302204867171186,-1.4377352472050515,4219.377499999997,4227.351834817855,4211.403165182139
390,2019-05-31 13:55:00,4211.57,4209.7299,4211.79,4207.63,-2.1574077978420974,-1.0956579489421145,-2.1234996977999656,4218.761994999997,4227.711713330163,4209.812276669832
391,2019-05-31 14:00:00,4208.24,4204.55,4208.24,4204.03,-3.0226370937898537,-1.4810537779116626,-3.083166631756382,4217.851494999997,4228.6108677003485,4207.092122299646
392,2019-05-31 14:05:00,4204.6899,4205.84,4208.03,4202.29,-3.563171304645948,-1.8974772832585203,-3.3313880427748557,4216.922994999997,4228.475158238739,4205.370831761255
393,2019-05-31 14:10:00,4205.2299,4205.12,4206.72,4202.76,-4.00349672563425,-2.3186811717336666,-3.3696311078011663,4215.946994999997,4228.039674502807,4203.854315497186
394,2019-05-31 14:15:00,4204.9,4205.8,4210.22,4204.3,-4.248612121272345,-2.7046673616414023,-3.0878895192618847,4215.421994999997,4228.334091803905,4202.509898196089
395,2019-05-31 14:20:00,4205.38,4204.13,4205.38,4199.2,-4.525456238980041,-3.0688251371091306,-2.913262203741821,4214.728994999997,4228.518695044817,4200.939294955177
396,2019-05-31 14:25:00,4204.22,4208.43,4209.95,4202.88,-4.347764807110252,-3.3246130711093556,-2.046303472001793,4214.423994999997,4228.499112415972,4200.348877584022
397,2019-05-31 14:30:00,4208.47,4209.67,4209.82,4206.6899,-4.060083317102908,-3.471707120308066,-1.176752393589684,4214.238994999998,4228.468855980929,4200.009134019067
398,2019-05-31 14:35:00,4209.04,4206.03,4209.99,4204.7299,-4.078793450948069,-3.5931243864360667,-0.9713381290240051,4213.667494999997,4228.266002223603,4199.068987776391
399,2019-05-31 14:40:00,4206.41,4207.55,4209.65,4204.71,-3.9257168498179453,-3.6596428791124422,-0.5321479414110062,4213.204994999997,4227.970787580353,4198.439202419641
400,2019-05-31 14:45:00,4208.15,4215.27,4217.0,4208.15,-3.145207070017932,-3.556755717293541,0.8230972945512178,4212.959994999997,4227.398164048511,4198.521825951484
401,2019-05-31 14:50:00,4216.88,4216.27,4216.88,4213.07,-2.4180816633925133,-3.329020906513335,1.8218784862416433,4212.789994999997,4226.973324072494,4198.606665927501
402,2019-05-31 14:55:00,4216.21,4208.33,4217.35,4208.33,-2.4542303429498133,-3.154062793800631,1.3996649017016356,4211.9959949999975,4225.233968554562,4198.758021445433
403,2019-05-31 15:00:00,4210.05,4200.86,4211.18,4200.86,-3.050480956928368,-3.1333464264261788,0.16573093899562164,4210.758494999997,4223.24385367325,4198.273136326745
404,2019-06-03 09:35:00,4209.06,4202.55,4223.35,4202.53,-3.348050743299609,-3.1762872898008654,-0.34352690699748756,4209.834494999997,4221.8454541702395,4197.823535829755
405,2019-06-03 09:40:00,4202.35,4213.26,4214.6,4200.35,-2.688676066031803,-3.0787650450470534,0.7801779580305004,4209.608994999997,4221.152913479109,4198.065076520885
406,2019-06-03 09:45:00,4212.13,4238.1899,4238.1899,4212.13,-0.15272181955697306,-2.4935563999490373,4.6816691607841285,4210.529489999997,4227.259339294989,4193.799640705005
407,2019-06-03 09:50:00,4240.17,4237.3,4244.81,4237.24,1.764888166365381,-1.6418674866861536,6.813511306103069,4211.490489999997,4231.858922268984,4191.1220577310105
408,2019-06-03 09:55:00,4236.65,4235.02,4238.22,4229.04,3.065296124949782,-0.7004347643589663,7.531461778617497,4212.221989999997,4234.8604836490085,4189.583496350986
409,2019-06-03 10:00:00,4234.27,4228.2299,4236.65,4228.2299,3.5075417207081045,0.14116053265444806,6.732762376107313,4213.106484999998,4236.824828285157,4189.38814171484
410,2019-06-03 10:05:00,4228.29,4222.4,4228.64,4222.4,3.3489952020481724,0.7827274665331933,5.132535471029958,4213.739989999997,4237.753585324785,4189.72639467521
411,2019-06-03 10:10:00,4223.05,4223.18,4226.86,4221.71,3.2488348788583608,1.275948948998227,3.9457718597202676,4214.671489999997,4238.6293681224,4190.713611877594
412,2019-06-03 10:15:00,4222.87,4216.61,4222.91,4215.05,2.6092353677686333,1.5426062327523085,2.1332582700326497,4215.209989999998,4238.813591866116,4191.606388133879
413,2019-06-03 10:20:00,4214.38,4214.55,4215.7299,4209.31,1.9140592793901305,1.6168968420798733,0.5943248746205145,4215.681489999997,4238.808366793745,4192.554613206249
414,2019-06-03 10:25:00,4213.91,4209.12,4214.8,4206.75,0.9144306143716676,1.4764035965382323,-1.1239459643331293,4215.847489999997,4238.722009172431,4192.972970827564
415,2019-06-03 10:30:00,4209.29,4203.63,4209.29,4202.0,-0.31712381678880774,1.1176981138728244,-2.869643861323264,4215.822489999997,4238.751957228217,4192.8930227717765
416,2019-06-03 10:35:00,4203.36,4204.8,4204.8,4196.47,-1.1850696096726097,0.6571445691637374,-3.684428357672694,4215.640989999997,4238.872319809489,4192.409660190505
417,2019-06-03 10:40:00,4203.71,4204.47,4207.6,4202.22,-1.8779038393149676,0.1501348874679963,-4.056077453565928,4215.380989999997,4239.00673888106,4191.755241118934
418,2019-06-03 10:45:00,4201.02,4204.31,4206.89,4198.24,-2.412085599411512,-0.3623092099079055,-4.099552779007213,4215.294989999997,4239.076070202135,4191.513909797858
419,2019-06-03 10:50:00,4205.67,4203.08,4207.18,4202.13,-2.9012355755639874,-0.8700944830391222,-4.06228218504973,4215.071489999997,4239.239916552478,4190.903063447516
420,2019-06-03 10:55:00,4203.33,4203.95,4204.53,4194.04,-3.182008513283108,-1.3324772890879197,-3.699062448390377,4214.505489999997,4239.179264755297,4189.831715244697
421,2019-06-03 11:00:00,4203.2,4201.41,4204.26,4199.84,-3.56834618798257,-1.77965106886685,-3.5773902382314398,4213.762489999996,4239.098606912659,4188.426373087334
422,2019-06-03 11:05:00,4198.18,4195.08,4199.61,4193.37,-4.33532475148786,-2.2907858053910526,-4.0890778921936155,4213.099989999997,4239.695833585068,4186.504146414926
423,2019-06-03 11:10:00,4194.68,4190.81,4195.95,4188.51,-5.227455252792424,-2.8781196948713275,-4.698671115842194,4212.5974899999965,4240.514042079391,4184.6809379206015
424,2019-06-03 11:15:00,4191.38,4195.52,4197.16,4189.07,-5.4911192609051795,-3.4007196080780986,-4.180799305654162,4212.245989999997,4240.8634432479985,4183.628536751995
425,2019-06-03 11:20:00,4195.2299,4191.85,4196.31,4191.7299,-5.927880301325786,-3.906151746727636,-4.043457109196299,4211.175489999997,4241.20039994318,4181.150580056814
426,2019-06-03 11:25:00,4192.22,4202.6,4202.6,4191.1899,-5.3449679506429675,-4.193914987510703,-2.302105926264529,4209.395994999997,4236.782241695041,4182.009748304953
427,2019-06-03 11:30:00,4202.27,4201.16,4203.18,4196.26,-4.942230719188956,-4.3435781338463535,-1.1973051706852047,4207.588994999997,4231.809143427543,4183.368846572452
428,2019-06-03 13:05:00,4201.46,4202.51,4205.2,4201.1899,-4.462681825951222,-4.367398872267327,-0.19056590736778922,4205.963494999997,4226.518505666875,4185.408484333119
429,2019-06-03 13:10:00,4202.36,4215.82,4216.7299,4200.35,-2.974343726395091,-4.08878784309288,2.228888233395578,4205.342999999996,4223.699543763598,4186.986456236395
430,2019-06-03 13:15:00,4215.92,4216.57,4219.67,4213.8,-1.7145421529376108,-3.613938705061826,3.79879310424843,4205.051499999997,4222.426482953349,4187.676517046645
431,2019-06-03 13:20:00,4215.56,4217.45,4217.45,4212.09,-0.6377797560353429,-3.018706915256529,4.7618543184423725,4204.764999999997,4221.035194253609,4188.494805746384
432,2019-06-03 13:25:00,4216.26,4212.58,4218.41,4211.82,-0.17538437662733486,-2.4500424075306904,4.549316061806711,4204.563499999997,4220.307333914055,4188.8196660859385
433,2019-06-03 13:30:00,4211.6,4209.86,4216.9799,4209.49,-0.02809016909577622,-1.9656519598437074,3.8751235814958624,4204.328999999996,4219.578485789351,4189.079514210641
434,2019-06-03 13:35:00,4210.51,4211.6899,4212.6899,4209.05,0.2336063202137666,-1.5258003038322125,3.5188132480919583,4204.457494999997,4219.918796970764,4188.99619302923
435,2019-06-03 13:40:00,4210.59,4213.32,4219.39,4210.32,0.566013469157042,-1.1074375492343618,3.3469020367828075,4204.9419949999965,4220.893637518284,4188.990352481709
436,2019-06-03 13:45:00,4212.75,4221.7,4221.9,4212.0,1.4884861531536444,-0.5882528087567603,4.15347792382081,4205.786994999997,4223.4098918250065,4188.164098174987
437,2019-06-03 13:50:00,4221.09,4223.07,4225.28,4221.09,2.3035461061072056,-0.009893025783966983,4.626878263782345,4206.716994999997,4225.9379299977845,4187.49606000221
438,2019-06-03 13:55:00,4223.01,4214.58,4223.01,4213.04,2.2386096463860667,0.4398075086500399,3.5976042754720536,4207.230494999997,4226.72743242805,4187.733557571944
439,2019-06-03 14:00:00,4212.68,4210.64,4213.8,4209.74,1.8479202873850227,0.7214300643970366,2.252980445975972,4207.608494999997,4227.059705968651,4188.157284031343
440,2019-06-03 14:05:00,4211.28,4213.02,4213.02,4208.5,1.7106232649503,0.9192687045076894,1.582709120885221,4208.061994999997,4227.57688644972,4188.547103550274
441,2019-06-03 14:10:00,4212.36,4208.03,4213.61,4207.79,1.1854974124453292,0.9725144460952174,0.42596593270022365,4208.3929949999965,4227.655764984983,4189.13022501501
442,2019-06-03 14:15:00,4206.55,4205.02,4207.68,4202.87,0.5204501215948767,0.8821015811951494,-0.7233029192005453,4208.889994999997,4227.195640030964,4190.58434996903
443,2019-06-03 14:20:00,4205.72,4206.42,4208.32,4204.25,0.10515153051073867,0.7267115710582672,-1.2431200810950571,4209.670494999997,4225.949251522396,4193.391738477598
444,2019-06-03 14:25:00,4206.22,4206.28,4208.09,4204.13,-0.23259125772256084,0.5348510053021016,-1.534884526049325,4210.208494999997,4225.176602560294,4195.2403874397005
445,2019-06-03 14:30:00,4206.78,4212.2,4213.95,4206.33,-0.022303228472992487,0.42342015854708276,-0.8914467740401505,4211.225994999996,4223.455689553991,4198.996300446001
446,2019-06-03 14:35:00,4213.02,4215.26,4216.64,4211.06,0.38680908194692165,0.41609794322705057,-0.05857772256025784,4211.858994999996,4223.505430314574,4200.212559685418
447,2019-06-03 14:40:00,4213.29,4210.76,4214.47,4210.76,0.34395623020282073,0.40166960062220464,-0.1154267408387678,4212.3389949999955,4222.866339942414,4201.811650057577
448,2019-06-03 14:45:00,4212.04,4215.76,4216.83,4210.42,0.7053227283486194,0.4624002261674876,0.48584500436226363,4213.001494999995,4222.546234166008,4203.456755833982
449,2019-06-03 14:50:00,4215.91,4213.39,4215.91,4212.86,0.7913469336963317,0.5281895676732564,0.5263147320461505,4212.879994999996,4222.335112667434,4203.424877332557
450,2019-06-03 14:55:00,4213.2299,4215.33,4215.33,4212.36,1.0044844514613942,0.623448544430884,0.7620718140610203,4212.817994999996,4222.18710376623,4203.448886233761
451,2019-06-03 15:00:00,4215.34,4217.81,4217.81,4212.83,1.3578601767594591,0.7703308708965991,1.17505861172572,4212.835994999996,4222.243876457351,4203.428113542641
452,2019-06-04 09:35:00,4219.47,4218.18,4224.27,4213.68,1.6487629794655732,0.946017292610394,1.4054913737103583,4213.1159949999965,4222.820459140406,4203.411530859587
453,2019-06-04 09:40:00,4218.05,4206.11,4222.21,4205.62,0.8950399561790618,0.9358218253241276,-0.08156373829013153,4212.9284949999965,4223.034442208909,4202.822547791084
454,2019-06-04 09:45:00,4206.06,4205.76,4211.66,4205.64,0.266396106526372,0.8019366815645765,-1.071081150076409,4212.631999999996,4223.227066577763,4202.036933422229
455,2019-06-04 09:50:00,4205.78,4202.43,4205.78,4201.8,-0.49480800481524057,0.5425877442886131,-2.0747914982077074,4212.087499999996,4223.612221026323,4200.562778973669
456,2019-06-04 09:55:00,4203.41,4206.58,4208.66,4203.41,-0.7545000236177657,0.2831701907073373,-2.0753404286502057,4211.331499999996,4222.164129607267,4200.498870392725
457,2019-06-04 10:00:00,4206.23,4201.9,4207.16,4200.54,-1.322697473977314,-0.03800334222959309,-2.569388263495442,4210.272999999996,4220.389637885332,4200.156362114659
458,2019-06-04 10:05:00,4201.94,4197.71,4203.01,4195.74,-2.087037955325286,-0.4478102648487319,-3.2784553809531083,4209.429499999996,4220.77288754739,4198.086112452601
459,2019-06-04 10:10:00,4197.12,4198.48,4200.92,4195.58,-2.6006718030439515,-0.878382572487776,-3.444578461112351,4208.8214999999955,4221.152266442126,4196.490733557865
460,2019-06-04 10:15:00,4198.33,4194.31,4198.75,4191.08,-3.306103771448761,-1.3639268122799733,-3.8843539183375757,4207.885999999995,4221.633191713131,4194.138808286859
461,2019-06-04 10:20:00,4194.47,4197.78,4198.18,4193.2,-3.5443071225199674,-1.8000028743279723,-3.48860849638399,4207.373499999995,4221.843341267731,4192.903658732259
462,2019-06-04 10:25:00,4198.38,4195.12,4199.06,4195.12,-3.9027364474613933,-2.220549588954657,-3.364373717013472,4206.878499999994,4222.331288915295,4191.425711084694
463,2019-06-04 10:30:00,4195.31,4200.86,4203.25,4193.31,-3.681189776717474,-2.512677626507221,-2.3370243004205067,4206.600499999995,4222.286314543474,4190.914685456516
464,2019-06-04 10:35:00,4200.14,4196.42,4201.1,4196.42,-3.8198504788224454,-2.774112196970266,-2.091476563704359,4206.107499999995,4222.442103727819,4189.77289627217
465,2019-06-04 10:40:00,4196.63,4192.94,4197.7,4190.45,-4.1625635590608,-3.051802469388373,-2.221522179344854,4205.144499999995,4222.2208529632,4188.06814703679
466,2019-06-04 10:45:00,4191.97,4193.05,4196.49,4190.62,-4.374859407576878,-3.3164138570260744,-2.116891101101607,4204.033999999995,4221.22884671876,4186.83915328123
467,2019-06-04 10:50:00,4191.34,4191.56,4194.01,4189.57,-4.610192515016934,-3.575169588624247,-2.0700458527853733,4203.073999999995,4220.8227000561055,4185.325299943885
468,2019-06-04 10:55:00,4191.59,4192.61,4194.32,4189.58,-4.658271815546868,-3.791790034008771,-1.7329635630761944,4201.916499999996,4219.194976144965,4184.638023855026
469,2019-06-04 11:00:00,4193.02,4195.05,4195.9,4191.81,-4.448211189859649,-3.923074265178947,-1.0502738493614032,4200.999499999996,4217.64934333726,4184.349656662733
470,2019-06-04 11:05:00,4194.37,4194.53,4197.1,4193.46,-4.274423392640529,-3.9933440906712634,-0.5621586039385305,4199.959499999995,4215.39453393676,4184.524466063231
471,2019-06-04 11:10:00,4193.83,4191.07,4195.01,4190.01,-4.365564880374222,-4.067788248611856,-0.5955532635247334,4198.622499999996,4212.048890156289,4185.196109843702
472,2019-06-04 11:15:00,4190.99,4186.74,4191.43,4186.74,-4.732635107169699,-4.200757620323424,-1.06375497369255,4197.050499999996,4207.962078543597,4186.138921456394
473,2019-06-04 11:20:00,4187.1,4195.36,4195.36,4186.81,-4.27865724944877,-4.216337546148493,-0.12463940660055428,4196.512999999996,4206.571274624326,4186.454725375666
474,2019-06-04 11:25:00,4197.21,4195.92,4200.17,4194.75,-3.829544600243935,-4.1389789569675814,0.6188687134472932,4196.020999999996,4205.088647289441,4186.953352710551
475,2019-06-04 11:30:00,4195.76,4199.02,4201.23,4194.54,-3.1867407343397645,-3.948531312442018,1.5235811562045072,4195.850499999996,4204.53070003392,4187.170299966072
476,2019-06-04 13:05:00,4199.34,4195.04,4200.17,4194.74,-2.9642962156467547,-3.7516842930829655,1.5747761548724215,4195.273499999996,4202.333678244164,4188.213321755828
477,2019-06-04 13:10:00,4195.2,4195.75,4197.72,4193.69,-2.6995969919917115,-3.5412668328647148,1.6833396817460065,4194.965999999996,4201.310404579702,4188.62159542029
478,2019-06-04 13:15:00,4197.09,4200.67,4201.79,4195.88,-2.0689682897891544,-3.2468071242496026,2.3556776689208965,4195.113999999996,4201.853709192336,4188.374290807656
479,2019-06-04 13:20:00,4200.39,4203.14,4203.65,4199.81,-1.3542709500025012,-2.8682998894001828,3.028057878795363,4195.346999999996,4202.855078736472,4187.83892126352
480,2019-06-04 13:25:00,4201.86,4200.04,4202.71,4198.74,-1.0261830518793431,-2.499876521896015,2.9473869400333434,4195.633499999995,4203.407554757056,4187.859445242935
481,2019-06-04 13:30:00,4200.08,4196.29,4201.2,4196.29,-1.0565850342400154,-2.211218224364815,2.309266380249599,4195.558999999996,4203.27478259478,4187.843217405211
482,2019-06-04 13:35:00,4196.4,4192.36,4196.53,4191.91,-1.3818676696027978,-2.0453481134124116,1.3269608876192276,4195.420999999996,4203.2674632325925,4187.574536767399
483,2019-06-04 13:40:00,4192.38,4192.79,4195.28,4190.58,-1.5866689631820918,-1.9536122833663476,0.7338866403685116,4195.017499999995,4202.508215305412,4187.526784694579
484,2019-06-04 13:45:00,4192.16,4201.11,4201.11,4192.05,-1.0653404158365447,-1.775957909860387,1.4212349880476847,4195.251999999995,4203.2068478431565,4187.297152156833
485,2019-06-04 13:50:00,4199.83,4195.4,4200.73,4195.4,-1.1002500677359421,-1.640816341435498,1.0811325473991116,4195.3749999999945,4203.255049425265,4187.4949505747245
486,2019-06-04 13:55:00,4196.45,4199.65,4202.54,4193.97,-0.7760311332667698,-1.4678592998017526,1.3836563330699656,4195.7049999999945,4203.726603724509,4187.68339627548
487,2019-06-04 14:00:00,4199.64,4199.5,4201.12,4197.81,-0.5251356018925435,-1.2793145602199107,1.5083579166547345,4196.101999999994,4204.045390764616,4188.158609235373
488,2019-06-04 14:05:00,4199.86,4196.33,4201.39,4195.85,-0.575458070453351,-1.1385432622665987,1.1261703836264956,4196.287999999995,4204.059458170933,4188.516541829057
489,2019-06-04 14:10:00,4196.88,4196.17,4197.45,4192.72,-0.6210901119693517,-1.0350526322071494,0.8279250404755953,4196.343999999995,4204.094008217139,4188.59399178285
490,2019-06-04 14:15:00,4196.16,4196.13,4197.85,4194.35,-0.6529546446445238,-0.9586330346946242,0.6113567801002009,4196.4239999999945,4204.128061539723,4188.719938460266
491,2019-06-04 14:20:00,4195.59,4196.4,4199.46,4194.17,-0.6489401942380937,-0.8966944666033182,0.49550854473044903,4196.690499999994,4203.971903782922,4189.409096217067
492,2019-06-04 14:25:00,4196.23,4194.15,4196.23,4192.49,-0.817886819198975,-0.8809329371224496,0.12609223584694917,4197.060999999993,4202.801635944735,4191.320364055252
493,2019-06-04 14:30:00,4194.04,4196.93,4198.46,4194.04,-0.7191653792770012,-0.84857942555336,0.25882809255271755,4197.139499999994,4202.8248698669195,4191.454130133068
494,2019-06-04 14:35:00,4197.6,4195.89,4198.42,4194.87,-0.7165868678930565,-0.8221809140212993,0.21118809225648572,4197.137999999994,4202.824740255559,4191.451259744428
495,2019-06-04 14:40:00,4195.55,4192.89,4198.51,4189.1,-0.9457166738702654,-0.8468880659910926,-0.1976572157583456,4196.831499999994,4202.74731386468,4190.915686135308
496,2019-06-04 14:45:00,4192.28,4192.34,4195.75,4191.04,-1.1583315740081161,-0.9091767675944974,-0.4983096128272375,4196.696499999994,4202.900652344447,4190.4923476555405
497,2019-06-04 14:50:00,4191.65,4194.46,4197.06,4191.65,-1.1425930305376824,-0.9558600201831344,-0.37346602070909585,4196.631999999994,4202.904035176916,4190.359964823072
498,2019-06-04 14:55:00,4193.83,4196.93,4198.2,4192.01,-0.920204222627035,-0.9487288606719148,0.057049276089759404,4196.444999999994,4202.4264009974295,4190.463599002559
499,2019-06-04 15:00:00,4197.41,4200.23,4200.23,4196.53,-0.47223345605743816,-0.8534297797490195,0.7623926473831626,4196.299499999995,4201.709457583008,4190.889542416981
